layer,groups,spearman,top10_overlap
0.self_attn.q_proj,262144,0.9956005928955763,0.9136753766927331
0.self_attn.k_proj,32768,0.9796912256923215,0.8764113518462008
0.self_attn.v_proj,32768,0.998921264023143,0.9917607567897467
0.self_attn.o_proj,262144,0.9866363586591422,0.9497234407781804
0.mlp.gate_proj,524288,0.9978900068936715,0.9504281981346202
0.mlp.up_proj,524288,0.9981891424583784,0.9462320471494784
0.mlp.down_proj,524288,0.9921340094984136,0.9573899940872418
1.self_attn.q_proj,262144,0.9980298415545217,0.9909593744039672
1.self_attn.k_proj,32768,0.9992425573524083,0.9838266707354287
1.self_attn.v_proj,32768,0.9987133016915618,0.981080256332011
1.self_attn.o_proj,262144,0.9907867173634055,0.9523173755483502
1.mlp.gate_proj,524288,0.9987161582025905,0.9511911346773733
1.mlp.up_proj,524288,0.9989593543874359,0.97692116958172
1.mlp.down_proj,524288,0.9967157566953794,0.9612428236281447
2.self_attn.q_proj,262144,0.9936093130645691,0.9242799923707801
2.self_attn.k_proj,32768,0.9956674434909597,0.934391211473909
2.self_attn.v_proj,32768,0.9938852337988814,0.9340860543179738
2.self_attn.o_proj,262144,0.9918048915364616,0.9249666221628838
2.mlp.gate_proj,524288,0.9983925905261595,0.9558069007610293
2.mlp.up_proj,524288,0.9981515850823306,0.965610635335406
2.mlp.down_proj,524288,0.9940426284778971,0.9422647771271625
3.self_attn.q_proj,262144,0.988281325947331,0.8915506389471677
3.self_attn.k_proj,32768,0.9738792254529492,0.8413182789136405
3.self_attn.v_proj,32768,0.9941155423644881,0.9279829111992676
3.self_attn.o_proj,262144,0.9882755652676384,0.8607285905016212
3.mlp.gate_proj,524288,0.9972896664800888,0.9559594880695799
3.mlp.up_proj,524288,0.9965883240927585,0.9611283831467318
3.mlp.down_proj,524288,0.9925909297068198,0.9394419119189762
4.self_attn.q_proj,262144,0.9883654294493638,0.9268739271409498
4.self_attn.k_proj,32768,0.9947849458226619,0.9407995117485505
4.self_attn.v_proj,32768,0.9930132641860342,0.93042416844675
4.self_attn.o_proj,262144,0.9917770051004312,0.9137135227922945
4.mlp.gate_proj,524288,0.9925076844091214,0.9443247057925958
4.mlp.up_proj,524288,0.9917034952147471,0.9459268725323772
4.mlp.down_proj,524288,0.9894759794509164,0.9266245780007248
5.self_attn.q_proj,262144,0.9974860326214418,0.9096318901392333
5.self_attn.k_proj,32768,0.9940711648474042,0.942325297528227
5.self_attn.v_proj,32768,0.9867170927405126,0.8944156240463839
5.self_attn.o_proj,262144,0.9887256226356175,0.9093267213427427
5.mlp.gate_proj,524288,0.9945149736484078,0.9506380056838772
5.mlp.up_proj,524288,0.9934558042920439,0.9528314482442923
5.mlp.down_proj,524288,0.9874750833334625,0.9430277136699156
6.self_attn.q_proj,262144,0.9799397193648466,0.8827007438489415
6.self_attn.k_proj,32768,0.9806374678359342,0.897467195605737
6.self_attn.v_proj,32768,0.977666259032167,0.8562709795544705
6.self_attn.o_proj,262144,0.9838218927930791,0.8430669464047301
6.mlp.gate_proj,524288,0.9850530206771604,0.8987201739495317
6.mlp.up_proj,524288,0.9831853105906337,0.9013523050220298
6.mlp.down_proj,524288,0.9815509795819439,0.8962215567720155
7.self_attn.q_proj,262144,0.9661328781744263,0.8719816898722106
7.self_attn.k_proj,32768,0.9723687668899452,0.8642050656087885
7.self_attn.v_proj,32768,0.9765128341817437,0.8883124809276778
7.self_attn.o_proj,262144,0.9888223652439845,0.9067709326721343
7.mlp.gate_proj,524288,0.9939692644748603,0.957370920673673
7.mlp.up_proj,524288,0.9923523527442439,0.9571611131244159
7.mlp.down_proj,524288,0.9908762379296081,0.9483110492284804
8.self_attn.q_proj,262144,0.9929176871621017,0.9148960518786954
8.self_attn.k_proj,32768,0.9930135804797565,0.9490387549588037
8.self_attn.v_proj,32768,0.9886927828835465,0.9041806530363137
8.self_attn.o_proj,262144,0.9851107298028429,0.847949647148579
8.mlp.gate_proj,524288,0.9839807621213832,0.884186232810086
8.mlp.up_proj,524288,0.981409365620555,0.8894504949550821
8.mlp.down_proj,524288,0.9822672895081049,0.8867039234011711
9.self_attn.q_proj,262144,0.9717818889750957,0.8536334159832157
9.self_attn.k_proj,32768,0.9734647763638833,0.8413182789136405
9.self_attn.v_proj,32768,0.9787443213940462,0.8873970094598719
9.self_attn.o_proj,262144,0.9800154964280773,0.825405302307839
9.mlp.gate_proj,524288,0.9837561061520979,0.8824886990024605
9.mlp.up_proj,524288,0.9816857762899905,0.8864368956112075
9.mlp.down_proj,524288,0.9830770647254757,0.884968242766408
10.self_attn.q_proj,262144,0.9894668692852822,0.8880030516879649
10.self_attn.k_proj,32768,0.9867934523818818,0.919438510833079
10.self_attn.v_proj,32768,0.9908722231318989,0.9285932255111382
10.self_attn.o_proj,262144,0.9872589335577138,0.916154873164219
10.mlp.gate_proj,524288,0.9865446608766705,0.8963932174941349
10.mlp.up_proj,524288,0.9834411985292041,0.8949245646493353
10.mlp.down_proj,524288,0.9843651165589374,0.9157336588529249
11.self_attn.q_proj,262144,0.9970546200501782,0.9344650009536525
11.self_attn.k_proj,32768,0.9945813931183933,0.9398840402807446
11.self_attn.v_proj,32768,0.9916581797453619,0.9099786389990845
11.self_attn.o_proj,262144,0.9910987362919789,0.8859431623116536
11.mlp.gate_proj,524288,0.98218132411638,0.8654752140990674
11.mlp.up_proj,524288,0.9788548622114293,0.8855404451734727
11.mlp.down_proj,524288,0.9816394355873419,0.8623662476873486
12.self_attn.q_proj,262144,0.9906195908987262,0.9036048064085447
12.self_attn.k_proj,32768,0.9880015410035081,0.9414098260604211
12.self_attn.v_proj,32768,0.9698781273133639,0.8648153799206592
12.self_attn.o_proj,262144,0.9933471395725672,0.9127980164028228
12.mlp.gate_proj,524288,0.9867463528954118,0.9001506799671938
12.mlp.up_proj,524288,0.9868233127419688,0.9018100669476816
12.mlp.down_proj,524288,0.9909835746721234,0.9106219840164794
13.self_attn.q_proj,262144,0.976725855445726,0.8539767308792676
13.self_attn.k_proj,32768,0.9667490370529331,0.88556606652426
13.self_attn.v_proj,32768,0.9582987273114877,0.8092767775404334
13.self_attn.o_proj,262144,0.9839747003777746,0.9063131794773984
13.mlp.gate_proj,524288,0.9872183538776924,0.8927501955024891
13.mlp.up_proj,524288,0.986939613849403,0.9013713784355987
13.mlp.down_proj,524288,0.9900546446580001,0.8984340727459994
14.self_attn.q_proj,262144,0.9972812784191983,0.9462521457181003
14.self_attn.k_proj,32768,0.9772042184756922,0.8883124809276778
14.self_attn.v_proj,32768,0.9827436884028925,0.874580408910589
14.self_attn.o_proj,262144,0.9938393154704342,0.9533091741369445
14.mlp.gate_proj,524288,0.9922496339970659,0.9302866734059395
14.mlp.up_proj,524288,0.9926464010151254,0.9390032234068931
14.mlp.down_proj,524288,0.9900586611807477,0.9263194033836236
15.self_attn.q_proj,262144,0.992308819810235,0.890520694259012
15.self_attn.k_proj,32768,0.9727330657412527,0.8544400366188587
15.self_attn.v_proj,32768,0.9862046810812886,0.8898382667073543
15.self_attn.o_proj,262144,0.9877689735485072,0.8884989509822621
15.mlp.gate_proj,524288,0.9912208457132805,0.9201014705601862
15.mlp.up_proj,524288,0.992567936048299,0.931869766732152
15.mlp.down_proj,524288,0.9909789490175523,0.9223139865341701
16.self_attn.q_proj,262144,0.9900892022623,0.9574670989891284
16.self_attn.k_proj,32768,0.9731230094025504,0.8422337503814464
16.self_attn.v_proj,32768,0.9659648448126956,0.8202624351541044
16.self_attn.o_proj,262144,0.9893348301850894,0.9353805073431242
16.mlp.gate_proj,524288,0.9961709931977715,0.9497034084190048
16.mlp.up_proj,524288,0.9961728153341565,0.9595071429933816
16.mlp.down_proj,524288,0.9913508249765955,0.92979076465315
17.self_attn.q_proj,262144,0.985005728083233,0.8740034331489606
17.self_attn.k_proj,32768,0.9779272194220061,0.9087580103753433
17.self_attn.v_proj,32768,0.981501301482633,0.8916692096429661
17.self_attn.o_proj,262144,0.9883815718914444,0.93583826053786
17.mlp.gate_proj,524288,0.994138896244195,0.9305346277823342
17.mlp.up_proj,524288,0.9947820627001192,0.9364092391615327
17.mlp.down_proj,524288,0.9938044326680036,0.9178889545862023
