step,interpolated_amplitude,measured_lower_amplitude,measured_upper_amplitude,threshold,proxy_selection
0,2.3262190258863393,1.0,3.0,0.001,Pending LIBERO association
1,2.309854084550232,1.0,3.0,0.001,Pending LIBERO association
2,2.265622212489655,1.0,3.0,0.001,Pending LIBERO association
3,0.8904045836507773,0.3,1.0,0.001,Pending LIBERO association
4,0.8858822225336055,0.3,1.0,0.001,Pending LIBERO association
5,0.8814618431662424,0.3,1.0,0.001,Pending LIBERO association
6,0.8847513898652783,0.3,1.0,0.001,Pending LIBERO association
7,1.902902065562597,1.0,3.0,0.001,Pending LIBERO association
8,1.541853045839017,1.0,3.0,0.001,Pending LIBERO association
9,0.4441990329969346,0.3,1.0,0.001,Pending LIBERO association
