step,relative_weight_noise_norm,relative_mse,mmd2
0,0.01,7.212122865615212e-07,8.116789181228632e-10
1,0.01,7.31439373074791e-07,1.2606171688222434e-09
2,0.01,7.062001324721144e-07,4.163914180775036e-10
3,0.01,7.707505845286762e-07,9.520697537535691e-10
4,0.01,7.409769098649843e-07,1.21966861882481e-09
5,0.01,7.383339419156205e-07,2.534133112503161e-10
6,0.01,7.38276199963514e-07,4.514453055390714e-10
7,0.01,7.310415591651531e-07,7.390695497865547e-10
8,0.01,7.558382166840695e-07,1.1942876607778458e-09
9,0.01,1.1309225026253343e-06,3.453688074003759e-08
0,0.03,7.47193870326633e-07,4.136554663073541e-10
1,0.03,7.786765962519654e-07,-2.4686350044765846e-10
2,0.03,7.587320323097469e-07,1.028668081144014e-09
3,0.03,7.387961959377654e-07,8.044575747738599e-10
4,0.03,7.492899746021053e-07,4.245951866062041e-10
5,0.03,7.409104359058941e-07,1.398294567134976e-09
6,0.03,7.552695106845008e-07,1.680880143860027e-09
7,0.03,8.071232523451376e-07,3.894729792995754e-09
8,0.03,9.619815917600353e-07,1.28152112062345e-08
9,0.03,3.3990337039322804e-06,2.6671007905855243e-07
0,0.1,7.727722180491232e-07,1.2539393674457459e-09
1,0.1,7.459121844364511e-07,1.3785920065642774e-09
2,0.1,7.376259206710607e-07,1.2133604111285914e-09
3,0.1,7.691437025895104e-07,2.2687915256016755e-09
4,0.1,7.923276955017759e-07,3.7189376934548855e-09
5,0.1,8.838919386675593e-07,7.283027300777011e-09
6,0.1,9.678263658844003e-07,1.310871499192538e-08
7,0.1,1.2441964779066104e-06,3.327189205223702e-08
8,0.1,2.3552449528963548e-06,1.2623502693059935e-07
9,0.1,2.4720643562405932e-05,3.079637993403808e-06
0,0.3,9.054115059515142e-07,5.819460401730764e-09
1,0.3,9.279023659266049e-07,8.021682302284056e-09
2,0.3,9.934695603426907e-07,1.0963140010335933e-08
3,0.3,1.0932250116427601e-06,1.64503955834245e-08
4,0.3,1.2926945172492632e-06,2.9234575038488853e-08
5,0.3,1.7017216401313794e-06,5.318131763868497e-08
6,0.3,2.4099062114489683e-06,1.069658537373019e-07
7,0.3,4.79121028712199e-06,3.073862884095101e-07
8,0.3,1.4799295131971884e-05,1.265972762219617e-06
9,0.3,0.00027698567335199964,4.153260147099187e-05
0,1.0,2.240944533773966e-06,8.224228652288492e-08
1,1.0,2.7638475095314386e-06,1.1023427661111663e-07
2,1.0,4.680621992802773e-06,1.611861393360182e-07
3,1.0,0.002070011116421023,-2.2138041000955154e-09
4,1.0,0.002104936597642145,1.15142886354043e-07
5,1.0,0.002109446887194249,5.592526054953935e-07
6,1.0,0.001978819186187159,1.999357310773585e-06
7,1.0,0.00011997403266274713,9.237597499931225e-06
8,1.0,0.0005808079383897368,5.16585603096986e-05
9,1.0,0.014214520278667467,0.002850953842467674
0,3.0,0.006285019252029377,5.8551944798458796e-06
1,3.0,0.006294185564632554,6.4995167981444805e-06
2,3.0,0.006306246932615492,7.809527938420883e-06
3,3.0,0.006328482247052642,9.987158240629868e-06
4,3.0,0.006356284338494847,1.3037881763829039e-05
5,3.0,0.006386973825126535,1.853808438684853e-05
6,3.0,0.006453374259974124,3.2378918430318736e-05
7,3.0,0.004483364630823569,6.980032444501976e-05
8,3.0,0.0023054330354366614,0.0003217114868182322
9,3.0,0.030010612427534205,0.007328329433752651
