noise_seed,pc1,gripper_mean,gripper_pattern,translation_action_norm,rotation_action_norm
0,0.3345045168545672,-0.9983322620391846,-----,1.1026126727821841,0.34508356104145077
1,0.3160342301379396,-0.9979502201080322,-----,1.0246411088697491,0.31831506429542555
2,0.32065116853161735,-0.9969674706459045,-----,1.0606607096646374,0.34597563404228504
3,0.3082966655026926,-0.9949578762054443,-----,1.0829355877408462,0.31119498570829524
4,0.3248087688108299,-0.9965313315391541,-----,1.114638438112479,0.3410183543249316
5,0.312951432476283,-0.9969001173973083,-----,1.058491073306918,0.34499037565725776
6,0.298085786001819,-0.9966136455535889,-----,1.0002166391881038,0.3331395510073489
7,0.3013102903559535,-0.9986490726470947,-----,1.0004887355376664,0.3249005461783705
8,0.3071812358727374,-0.9946363687515258,-----,1.1005382207654257,0.340237340144658
9,0.2509956193406411,-0.9973062515258789,-----,0.8988018050404496,0.2900521345384069
10,-1.6420834819141878,-0.5997247457504272,+----,0.792436705276973,0.2642969623120659
11,0.3449163087528187,-0.9974069356918335,-----,1.1395797797591118,0.33876777153962867
12,0.31137838904862575,-0.9963793754577637,-----,1.0138609809224077,0.3378603380198428
13,-1.609244071605844,-0.5987716317176819,+----,0.8650661421403564,0.31111366163484
14,0.29221296263914653,-0.9962838530540467,-----,1.0118187709575577,0.3203089083575227
15,0.3374757284222446,-0.995726478099823,-----,1.1287331238832472,0.3417376429601461
16,0.2921120502115087,-0.9954418540000916,-----,1.0059232802072204,0.3230803936327484
17,0.3277887992339378,-0.9983197569847106,-----,1.116635342980438,0.32827716753323494
18,0.31882255174860247,-0.9983025312423706,-----,1.060523560312814,0.32156811215462466
19,0.2995921306833813,-0.9961255669593811,-----,0.9946597548615712,0.3196211105691505
20,0.356220339903368,-0.9963949203491211,-----,1.1715241533596839,0.37957680242774366
21,0.26159148177703595,-0.9962166547775269,-----,0.8966008201362919,0.3002029770356105
22,-1.684273049769521,-0.5995944976806641,+----,0.71660585110236,0.2654159079433083
23,0.3886701100537019,-0.9973731279373169,-----,1.316587257084906,0.3742620349736848
24,0.3149069771254493,-0.9975647807121277,-----,1.020078910736879,0.338639424614504
25,-1.3788024867724407,-0.648151409626007,+----,0.8995332252768206,0.31771800984126514
26,-2.2216540786894923,-0.19883064031600953,++---,0.6652518276743236,0.25181425952374126
27,0.3321635242786734,-0.9973237752914429,-----,1.074429788384704,0.3516082530787111
28,0.31922833718437177,-0.9958496212959289,-----,1.0864233928232996,0.3246435533727474
29,0.292295582753983,-0.9969446301460266,-----,0.9956179373791731,0.31782308689660727
30,0.3056140718556807,-0.996559739112854,-----,0.9868051017947661,0.328099074102227
31,0.36624810919387646,-0.9981961488723755,-----,1.214735970162709,0.34538054870943236
