amplitude,step,median_relative_mse,trimmed_mean_10pct_relative_mse,mean_per_observation_relative_mse,mean_based_global_relative_mse,absolute_mse,trim_count_per_tail,zero_energy_reference_observations,largest_error_observation,largest_error_energy_share
0.01,0,6.334723074409198e-07,6.845971710012646e-07,7.36591886241163e-07,7.212122865615212e-07,1.5598255155863248e-07,25,0,148,0.012273414050755082
0.01,1,6.612964663976812e-07,7.029345408172666e-07,7.420200891665237e-07,7.31439373074791e-07,1.581944482207876e-07,25,0,117,0.011946966483798564
0.01,2,6.50045280800955e-07,6.713363939371661e-07,7.23149155754372e-07,7.062001324721144e-07,1.5273574872001047e-07,25,0,191,0.011886186075708315
0.01,3,6.525938376468355e-07,7.207450926389836e-07,7.851509958478924e-07,7.707505845286762e-07,1.6669660934823103e-07,25,0,148,0.013166615220141975
0.01,4,6.836907474234393e-07,7.109636312655597e-07,7.523750020823294e-07,7.409769098649842e-07,1.6025721025609824e-07,25,0,148,0.01606641132280521
0.01,5,6.774520953422772e-07,7.103652200054997e-07,7.547621524098797e-07,7.383339419156205e-07,1.5968559369865585e-07,25,0,148,0.01410663792596219
0.01,6,6.515388902871349e-07,6.984331648275564e-07,7.552981533722703e-07,7.38276199963514e-07,1.5967310536867402e-07,25,0,148,0.015470361562165368
0.01,7,6.340114437614799e-07,6.907024245353056e-07,7.416529767454876e-07,7.310415591651531e-07,1.5810840971336467e-07,25,0,40,0.017052096901617127
0.01,8,6.832389927340736e-07,7.193653415910463e-07,7.761281913076241e-07,7.558382166840695e-07,1.6347138810682303e-07,25,0,59,0.01366790696293155
0.01,9,1.0302833643312292e-06,1.080301629706136e-06,1.1481651927006252e-06,1.1309225026253343e-06,2.445939716523759e-07,25,0,100,0.01436115516658476
0.03,0,6.543964457404194e-07,7.095023113407929e-07,7.643063670063756e-07,7.47193870326633e-07,1.6160180376041922e-07,25,0,233,0.01413134029427678
0.03,1,6.851053924052483e-07,7.34701033952134e-07,7.947304056034672e-07,7.786765962519654e-07,1.6841083351678564e-07,25,0,148,0.013911832812919998
0.03,2,6.846764793407934e-07,7.224326996176429e-07,7.7396231185287e-07,7.587320323097469e-07,1.6409725756779053e-07,25,0,61,0.011465711465236426
0.03,3,6.873931208377086e-07,7.078182293439919e-07,7.539578499906375e-07,7.387961959377654e-07,1.597855692026592e-07,25,0,233,0.011623538952140492
0.03,4,6.780110361483429e-07,7.149126986957635e-07,7.652370317459847e-07,7.492899746021053e-07,1.620551455840589e-07,25,0,61,0.012611505771868637
0.03,5,6.762908329526412e-07,7.125940118142977e-07,7.51784639015484e-07,7.40910435905894e-07,1.602428333826807e-07,25,0,233,0.014250818399962268
0.03,6,6.744421437565772e-07,7.150933051986076e-07,7.686583086135052e-07,7.552695106845008e-07,1.6334838935243082e-07,25,0,150,0.011881007786595404
0.03,7,7.258265661987221e-07,7.669382299752436e-07,8.215121392161322e-07,8.071232523451376e-07,1.7456322731733886e-07,25,0,102,0.013488846208453286
0.03,8,8.778221546413997e-07,9.15724030604409e-07,9.831650222258293e-07,9.619815917600353e-07,2.0805572233185355e-07,25,0,150,0.012749191591071882
0.03,9,3.2627124453144104e-06,3.3399473067380485e-06,3.455636310084281e-06,3.3990337039322804e-06,7.351371570510812e-07,25,0,208,0.011586267702126273
0.1,0,6.892542676122457e-07,7.289383330487936e-07,7.82632364053448e-07,7.727722180491231e-07,1.671338447651971e-07,25,0,119,0.014161461099815531
0.1,1,6.809539292264557e-07,7.122513693427487e-07,7.559859370513707e-07,7.459121844364511e-07,1.6132460294288956e-07,25,0,148,0.017300573923796917
0.1,2,6.605341030080225e-07,7.015069291819602e-07,7.52966440068348e-07,7.376259206710607e-07,1.595324640829491e-07,25,0,234,0.011937331786572887
0.1,3,7.20404180952349e-07,7.524335181341562e-07,7.817742088275007e-07,7.691437025895104e-07,1.663490756891477e-07,25,0,233,0.012931379531587883
0.1,4,7.389235154075409e-07,7.70616453264618e-07,8.074658367211876e-07,7.92327695501776e-07,1.7136326975815563e-07,25,0,148,0.01168237001934348
0.1,5,7.990989445383588e-07,8.254627916723665e-07,9.078073118848866e-07,8.838919386675593e-07,1.9116662661529876e-07,25,0,20,0.014087371767200674
0.1,6,8.612653269480154e-07,9.13450147234257e-07,9.88493608976956e-07,9.678263658844003e-07,2.0931982001597494e-07,25,0,20,0.01485439981563943
0.1,7,1.1260016253461622e-06,1.1705804029216728e-06,1.2736821196411332e-06,1.2441964779066104e-06,2.690926719917741e-07,25,0,20,0.02216302282723423
0.1,8,1.8989487074507332e-06,2.156929030785939e-06,2.4166297383103698e-06,2.3552449528963548e-06,5.093883231661034e-07,25,0,20,0.018761548055280568
0.1,9,2.262250340037652e-05,2.416379584148176e-05,2.508641427458791e-05,2.4720643562405932e-05,5.346538225824629e-06,25,0,208,0.015396089321671021
0.3,0,8.207447422749856e-07,8.585016813985676e-07,9.187872514124617e-07,9.054115059515142e-07,1.9582084157521353e-07,25,0,74,0.011189777744111068
0.3,1,8.444423440161754e-07,8.820448333168893e-07,9.484274231089165e-07,9.279023659266049e-07,2.006851260460013e-07,25,0,119,0.013533848508980779
0.3,2,8.40616630978639e-07,9.25424394843219e-07,1.0172433141261604e-06,9.934695603426907e-07,2.14865885961119e-07,25,0,20,0.015491117504215904
0.3,3,9.233879938459933e-07,9.953693613718942e-07,1.1269675282094953e-06,1.0932250116427601e-06,2.3644082320997355e-07,25,0,20,0.015968573245798697
0.3,4,1.0481933978225538e-06,1.1542831589782775e-06,1.3370022038371291e-06,1.2926945172492632e-06,2.7958174443717625e-07,25,0,186,0.023466956638336874
0.3,5,1.3006201137616934e-06,1.4376234663167569e-06,1.777523056922339e-06,1.7017216401313794e-06,3.680454263137278e-07,25,0,186,0.0360657565049403
0.3,6,1.7742609620489925e-06,2.025895392366724e-06,2.5004299863012044e-06,2.4099062114489683e-06,5.212103660504428e-07,25,0,20,0.045935706709860954
0.3,7,3.451957137332469e-06,4.00880205217594e-06,4.969570219753713e-06,4.791210287121991e-06,1.036234711422246e-06,25,0,20,0.0461820078677322
0.3,8,1.0916573028032556e-05,1.2798036908331643e-05,1.5123681163384741e-05,1.479929513197188e-05,3.2007660698072537e-06,25,0,20,0.02537834145232076
0.3,9,0.0002681769278054797,0.0002745887402993343,0.00027885940617673304,0.00027698567335199964,5.990598452033628e-05,25,0,208,0.013474919554145542
1.0,0,1.7731764434940519e-06,1.8827227533017363e-06,2.3470700809354444e-06,2.240944533773966e-06,4.84667625320074e-07,25,0,102,0.03695528463386383
1.0,1,2.0148053857992477e-06,2.2333221865567375e-06,2.9128503928744304e-06,2.763847509531438e-06,5.977601805857626e-07,25,0,102,0.03583620994065435
1.0,2,2.4836371501697315e-06,2.854596610750301e-06,5.070580178722686e-06,4.680621992802773e-06,1.012316865537133e-06,25,0,186,0.2092531585475753
1.0,3,3.358638740699747e-06,4.093243556363468e-06,0.0024792559692135255,0.002070011116421025,0.00044769844012708957,25,0,186,0.9972109329996202
1.0,4,5.168476125944836e-06,6.595508941631072e-06,0.0025205480353782117,0.002104936597642145,0.0004552520630711144,25,0,186,0.9955602493762624
1.0,5,9.701797389764448e-06,1.2537663760482386e-05,0.0025245825780273296,0.0021094468871942496,0.00045622754072965465,25,0,186,0.9917846678970764
1.0,6,2.374018809807867e-05,2.950461385897553e-05,0.0023640097464853464,0.001978819186187159,0.0004279756064698159,25,0,186,0.9805723645707751
1.0,7,8.416458745382086e-05,9.843900821922569e-05,0.0001200255050473623,0.00011997403266274713,2.5947777213745057e-05,25,0,102,0.02533973867809494
1.0,8,0.0004603377610819656,0.000506688831695188,0.0005627863126791031,0.0005808079383897368,0.00012561614088338484,25,0,4,0.01814297630042851
1.0,9,0.013151114147349617,0.013355191660955095,0.0138648369210535,0.014214520278667465,0.0030742919713963317,25,0,104,0.012904599315244488
3.0,0,1.5725684142906676e-05,1.8092976159761455e-05,0.008368979691046653,0.006285019252029378,0.0013593131423212982,25,0,186,0.33713298346496867
3.0,1,1.9511466874092843e-05,2.284961322345211e-05,0.008379126746167014,0.006294185564632553,0.0013612956166286125,25,0,186,0.33707139735586966
3.0,2,2.488678487112646e-05,3.0187534454208162e-05,0.008392248443368283,0.006306246932615492,0.001363904228528773,25,0,186,0.33713052214772554
3.0,3,3.505937564801716e-05,4.364418854607953e-05,0.008416814630233072,0.006328482247052641,0.0013687132440506117,25,0,186,0.3363591960705235
3.0,4,5.49629119425157e-05,6.383890038417384e-05,0.008447127241884681,0.006356284338494848,0.001374726232518261,25,0,186,0.3352189600969649
3.0,5,8.5559746649109e-05,0.00010179375193626168,0.008474290484690828,0.006386973825126536,0.0013813637018459926,25,0,186,0.3323645950274599
3.0,6,0.0001626820833469494,0.000194656853850668,0.008528829576172677,0.006453374259974123,0.0013957246735669677,25,0,186,0.3258860730324445
3.0,7,0.0003877955616477354,0.0004293606770829817,0.006091449713936987,0.004483364630823569,0.0009696543829247871,25,0,11,0.4604054882261226
3.0,8,0.0015450141863316434,0.0017007536638219318,0.00250158071035071,0.002305433035436662,0.000498615087423775,25,0,11,0.1970898085144225
3.0,9,0.027997782967012635,0.02970521847729331,0.030941379172763926,0.030010612427534205,0.006490643583738612,25,0,87,0.008492541120670731
10.0,0,1.6560109355537772e-05,1.9630324679995085e-05,0.008376955630722877,0.006291758100655259,0.0013607706088991961,25,0,186,0.3368629841327959
10.0,1,2.0394741039717702e-05,2.41889644939554e-05,0.008384037930732825,0.006298473124046807,0.0013622229225964339,25,0,186,0.33748714102396543
10.0,2,2.729917364458785e-05,3.254425183060164e-05,0.008403770276622258,0.006315885920182854,0.0013659889321634923,25,0,186,0.3371154973394493
10.0,3,3.7818913959468094e-05,4.2708412821815806e-05,0.008427875613717342,0.006337472333967889,0.0013706576045695647,25,0,186,0.3372180958772465
10.0,4,5.161141584257816e-05,6.091824186425794e-05,0.00844183404703941,0.006351176996446578,0.0013736216253738519,25,0,186,0.3347346443815838
10.0,5,8.067778971069878e-05,9.574351830840224e-05,0.008471948367845296,0.006384640269091692,0.00138085900436468,25,0,186,0.33304755248395934
10.0,6,0.000159013260940312,0.00017921926227807387,0.0077257004574567715,0.005795039462595291,0.0012533411571066916,25,0,58,0.35520321689497797
10.0,7,0.00035076304079921267,0.0003844738608769575,0.006023310637466892,0.0044211129802496285,0.0009561907031231657,25,0,11,0.46190558618936967
10.0,8,0.0017712486015135339,0.0018397776572664304,0.0019868776991167764,0.001983738999253033,0.00042903965516879913,25,0,11,0.023931980718557733
10.0,9,0.027376563689484712,0.027523297466333124,0.028130379904579825,0.027499743819665703,0.005947597244426988,25,0,139,0.008381497215364433
30.0,0,1.8994008342183926e-05,2.252630742481039e-05,0.008380590788306753,0.006295010568980795,0.001361474047148563,25,0,186,0.33654170296898855
30.0,1,2.2954869530734668e-05,2.549224503197414e-05,0.008382675016439132,0.006298598215011138,0.0013622499770548184,25,0,186,0.336739224633259
30.0,2,2.9307577129762023e-05,3.3107761119417824e-05,0.0084019742836045,0.006314158974449969,0.0013656154313138285,25,0,186,0.3364581370085125
30.0,3,3.574055724092945e-05,4.386929156789719e-05,0.008416987572558675,0.006328501639050115,0.0013687174381184358,25,0,186,0.33598418674383007
30.0,4,5.34609908375642e-05,6.239394705629181e-05,0.008433577977123881,0.006346547086036915,0.0013726202763222016,25,0,186,0.3354423133778216
30.0,5,8.824686351682834e-05,9.966939260551151e-05,0.008457870074585119,0.006375060048337782,0.0013787870107151887,25,0,186,0.332663790862234
30.0,6,0.00015973580888062214,0.00017529714793331855,0.008479999210071244,0.006412439661814355,0.0013868714091579129,25,0,186,0.32793039331123186
30.0,7,0.0003595969032461344,0.0003830625784199471,0.008030095860566005,0.006120890754751539,0.0013238157135254875,25,0,11,0.32278164157848993
30.0,8,0.0013889293069133776,0.0014815610344941044,0.0016369544118329997,0.001627651628732837,0.0003520256917817425,25,0,11,0.02066545335364887
30.0,9,0.028655998271972405,0.029119406092525606,0.029888708310391844,0.029202166529674268,0.006315794296926656,25,0,72,0.007576496736123903
100.0,0,1.891359777723933e-05,2.2277752140324256e-05,0.008386691092505196,0.006300529281131134,0.0013626676247103532,25,0,186,0.3370619984020748
100.0,1,2.2562036909916325e-05,2.575537561039492e-05,0.00838849171695745,0.006303180596922044,0.001363241046724592,25,0,186,0.3364667324339133
100.0,2,2.834487972463508e-05,3.18595535520555e-05,0.008397101281616795,0.006310053092832833,0.0013647274183071559,25,0,186,0.33597251841432363
100.0,3,4.025368505943452e-05,4.5196063607225436e-05,0.008413970228318593,0.00632713565907457,0.0013684220063212614,25,0,186,0.3358590229499717
100.0,4,5.7583958894254256e-05,6.443751463114065e-05,0.008434332045495298,0.006347172729245455,0.0013727555893581153,25,0,186,0.3348091861786924
100.0,5,8.719414878336468e-05,9.435243027123031e-05,0.008443602802687692,0.006361920550798856,0.0013759452228109762,25,0,186,0.3319057457214697
100.0,6,0.00014479483884677024,0.0001544485921720666,0.008471930678639113,0.006399191902424741,0.001384006206567039,25,0,186,0.32594537472106894
100.0,7,0.0003557273519443092,0.00036520889086742595,0.007980689567984492,0.00607674948191911,0.001314268915039463,25,0,11,0.31791747283310196
100.0,8,0.0013513908377487142,0.001428541851935421,0.0017882955332289893,0.0016989718504864678,0.00036745070654389724,25,0,11,0.10341528468205712
100.0,9,0.025432658358281374,0.027013293709037017,0.028100419612576706,0.02735450888308306,0.005916186082407517,25,0,11,0.007839990377131402
300.0,0,1.8005882333265043e-05,2.0793736484522225e-05,0.00838194761388159,0.00629597435127314,0.0013616824923233168,25,0,186,0.33728174179352965
300.0,1,2.2261346860893407e-05,2.549319797981993e-05,0.008395927680926504,0.0063090563536149355,0.0013645118452652889,25,0,186,0.33690348786115876
300.0,2,2.7213283088502074e-05,3.107026047195621e-05,0.008391819711087047,0.0063067150949812235,0.0013640054818791544,25,0,186,0.3359496792321943
300.0,3,3.936308399251295e-05,4.398089754900163e-05,0.008411354521776312,0.006324596003124317,0.0013678727339051047,25,0,186,0.33540373926448647
300.0,4,5.661886623592318e-05,6.178824535414953e-05,0.008427316308049259,0.006340427972817836,0.00137129684505103,25,0,186,0.3345099819429289
300.0,5,8.175144396715111e-05,9.122988920685514e-05,0.0084319835620234,0.006352607860135508,0.0013739310901088415,25,0,186,0.33278818156837375
300.0,6,0.0001426944693848997,0.00015246644019185806,0.008473597589009839,0.0064008761758288955,0.0013843704783189172,25,0,186,0.3280833195952051
300.0,7,0.0002956043439329987,0.00032130861313638077,0.007056285833377236,0.0053989476062309095,0.0011676750924007329,25,0,186,0.3608476006897173
300.0,8,0.001323757396678634,0.0014093729510438965,0.0015570245675225864,0.0015271738824658712,0.0003302945378210907,25,0,186,0.0177654233717172
300.0,9,0.024909431692295085,0.0264581399145194,0.027801377085497184,0.026952032590436624,0.00582913920281516,25,0,186,0.009985716537745975
