series,update,cosine_loss,image_KV_relative_error,language_KV_relative_error
optimizer_pre_update,1,0.0004679113771999255,0.08289743421608277,0.2618014031772252
optimizer_pre_update,2,0.0003765722212847322,0.05707500815490565,0.2812368411727411
optimizer_pre_update,3,0.0005659237685904372,0.04671171831116484,0.17689459213828188
optimizer_pre_update,4,0.00023285672432393767,0.04355841835614602,0.18541762087680702
optimizer_pre_update,5,0.0010373182885814458,0.08677111013344758,0.23802345587888032
optimizer_pre_update,6,0.0035848581610480323,0.06284594996218913,0.22697541445267103
optimizer_pre_update,7,0.00323507325083483,0.050853619777091956,0.2162266018964064
optimizer_pre_update,8,0.0031327692850027233,0.06082054713470204,0.22762050208786144
optimizer_pre_update,9,0.0002211680057371268,0.050700964935358014,0.19455547966109504
optimizer_pre_update,10,9.086355839826865e-05,0.09158257271101648,0.18184628201419606
optimizer_pre_update,11,7.159759843489155e-05,0.05059171025437889,0.1406013410018522
optimizer_pre_update,12,0.005163101042853668,0.06810173221846608,0.20990501112155327
optimizer_pre_update,13,0.0001955827174242586,0.053162871760429435,0.1697842729582879
optimizer_pre_update,14,0.0003905855228367727,0.061079224003397284,0.24909404976969532
optimizer_pre_update,15,0.00057783352167462,0.06673411421913476,0.21264999813459196
optimizer_pre_update,16,0.0008555899185012095,0.07058178597696665,0.194682171057588
optimizer_pre_update,17,0.00011244664801779436,0.10153675326331847,0.207674917266443
optimizer_pre_update,18,0.0008307993703056127,0.11064745479294075,0.19751341318261195
optimizer_pre_update,19,0.0003291269204055425,0.09569541771125441,0.2579622537141258
optimizer_pre_update,20,0.00014019757873029448,0.04071657755257628,0.22140242636673912
optimizer_pre_update,21,0.0002621064668346662,0.05680383930215142,0.20222145902402297
optimizer_pre_update,22,0.001279036223422736,0.1163680402057423,0.19096656052524524
optimizer_pre_update,23,0.0002064319996861741,0.08129656497156973,0.215967925131863
optimizer_pre_update,24,0.00019936388162022922,0.08885501394443354,0.2044440909167459
optimizer_pre_update,25,0.00013476859021466225,0.057342583235954,0.18919469857958823
optimizer_pre_update,26,0.00035475071490509436,0.0767762929209797,0.23853815653347366
optimizer_pre_update,27,0.0005089914047857746,0.06351124010671351,0.21183596789382633
optimizer_pre_update,28,0.0015609848342137411,0.04656582017857478,0.20320732906806452
optimizer_pre_update,29,0.0009205614769598469,0.0558533797143948,0.2033204030821102
optimizer_pre_update,30,0.0010227412276435643,0.05791359280724057,0.19558199797693746
optimizer_pre_update,31,6.468470019171946e-05,0.04630651938685906,0.20519677678477077
optimizer_pre_update,32,5.259985846350901e-05,0.07552929643295897,0.21324674118371628
optimizer_pre_update,33,0.00035226718318881467,0.050611535581979956,0.2516681425970915
optimizer_pre_update,34,0.00109435247577494,0.04970910077056004,0.25720008598638067
optimizer_pre_update,35,0.0004004711954621598,0.09013285974150853,0.22415476808575838
optimizer_pre_update,36,0.00011891499707417097,0.06966422478391947,0.19931597391086228
optimizer_pre_update,37,6.520127408293774e-05,0.05042934127893417,0.21220455770253033
optimizer_pre_update,38,0.00197052340809023,0.05408742917433302,0.22273716220271286
optimizer_pre_update,39,0.0005118983681313694,0.04173392631937657,0.2071297060701909
optimizer_pre_update,40,0.0001873237415566109,0.05390050549929861,0.211876146688597
optimizer_pre_update,41,0.0008372019001399167,0.08042843481439844,0.18844855389079063
optimizer_pre_update,42,7.359062965406338e-05,0.059646425536966266,0.23217333646092872
optimizer_pre_update,43,0.00010981535251630703,0.0464431922325353,0.19701214222404037
optimizer_pre_update,44,0.00017197182205563877,0.052706730685810436,0.20990588312783012
optimizer_pre_update,45,0.0001888635306386277,0.08104586238293526,0.18478959821850652
optimizer_pre_update,46,0.0002460877203702694,0.06930755236486823,0.22868633262778484
optimizer_pre_update,47,0.0002577801606093999,0.05828370997326492,0.19971260672734106
optimizer_pre_update,48,0.0006561875561601482,0.052566602020940816,0.231485617264728
optimizer_pre_update,49,0.002145358725101687,0.045119610219357925,0.19440397414890784
optimizer_pre_update,50,0.0030147595680318773,0.04364253919377266,0.1927364430426087
optimizer_pre_update,51,0.0016206416403292678,0.08377780560534312,0.24930506608207512
optimizer_pre_update,52,0.0007545538392150775,0.09569584818773279,0.2152454286043066
optimizer_pre_update,53,0.0005104008014313877,0.10640638731736089,0.19025799674061172
optimizer_pre_update,54,0.0008337323961313814,0.08951546748463234,0.1844772254333218
optimizer_pre_update,55,0.00025638814622652717,0.09403343991815714,0.18065993803848368
optimizer_pre_update,56,0.00030878311008564197,0.06609821492663118,0.2209999869710436
optimizer_pre_update,57,0.0004515337568591349,0.08584056070223016,0.21215470314716386
optimizer_pre_update,58,0.0008163154270732775,0.07152977337492554,0.19884775727711254
optimizer_pre_update,59,0.0015071084562805481,0.03155743770829007,0.20249826607996127
optimizer_pre_update,60,0.0005056820955360308,0.040350090225158126,0.1609104051376583
optimizer_pre_update,61,0.00026610370332491584,0.03802492571649504,0.17840728214794568
optimizer_pre_update,62,0.0005826503183925524,0.04917355547611472,0.2044799219228528
optimizer_pre_update,63,0.000994982838165015,0.03600800302709879,0.18295120391744757
optimizer_pre_update,64,0.00036892544085276313,0.042165979141175855,0.162617941047961
optimizer_pre_update,65,0.0006871198856970295,0.03707383408263808,0.16567271193539124
optimizer_pre_update,66,0.0007942381198517978,0.05101369133043453,0.23148180167142243
optimizer_pre_update,67,0.0006838689441792667,0.07042690636009945,0.17571741994251056
optimizer_pre_update,68,0.0003763300774153322,0.048002263052435296,0.1582887802740925
optimizer_pre_update,69,0.0006416303513105959,0.06625020981761394,0.1875973613359022
optimizer_pre_update,70,0.0002708956671995111,0.05020386624159913,0.19988588941722385
optimizer_pre_update,71,0.0005854740957147442,0.04320295668126486,0.19739293840827726
optimizer_pre_update,72,0.0007516580444644205,0.04708592469642887,0.17640630296964221
optimizer_pre_update,73,7.614493733854033e-05,0.05815854260980887,0.15379763547122688
optimizer_pre_update,74,0.00023830185818951577,0.055385873503412085,0.1713531426627329
optimizer_pre_update,75,0.00013581291568698362,0.07391750879338455,0.1667959895555297
optimizer_pre_update,76,0.0028060054464731365,0.049738018020621284,0.1980862291892246
optimizer_pre_update,77,0.0007580158853670582,0.14416875779972355,0.2104218953787913
optimizer_pre_update,78,0.0006695141564705409,0.06666334791624443,0.19755354932455194
optimizer_pre_update,79,0.00043501830441528,0.07420221673771848,0.1940330702963421
optimizer_pre_update,80,0.00017595291501493193,0.060642657375043034,0.16998117853546094
optimizer_pre_update,81,0.00012087077266187407,0.055930377366024124,0.17272681400985873
optimizer_pre_update,82,0.0005507009918801486,0.0801474650854526,0.2594489258685027
optimizer_pre_update,83,0.00036592907054000534,0.0586823041749086,0.19212124129136784
optimizer_pre_update,84,0.00017036870485753752,0.058569510826562365,0.19163450148400382
optimizer_pre_update,85,0.004491157975280657,0.04828225133714519,0.20452329042342116
optimizer_pre_update,86,0.0001752475945977494,0.04265732974439235,0.2143056043440736
optimizer_pre_update,87,0.0004277850312064402,0.07033283445099786,0.24588129050032925
optimizer_pre_update,88,0.001350140868453309,0.04752708329964635,0.20153387896271918
optimizer_pre_update,89,0.0005826552805956453,0.067618300427669,0.17402976757993352
optimizer_pre_update,90,0.0003605658930609934,0.07234551151978688,0.24253010601731065
optimizer_pre_update,91,0.0005339967901818454,0.05483910278189829,0.25539344259490954
optimizer_pre_update,92,0.001010696119919885,0.049505222357490004,0.16880365003893047
optimizer_pre_update,93,0.0002671008405741304,0.052785271341817194,0.14869487461157102
optimizer_pre_update,94,0.00018557409930508584,0.05830137158175552,0.15678402296518282
optimizer_pre_update,95,0.0004785259734489955,0.05694100456021527,0.23471037375845805
optimizer_pre_update,96,0.00013674051024281653,0.050915649211373294,0.17261131101079924
optimizer_pre_update,97,0.0002943215331470128,0.06767526304217686,0.1598080740838361
optimizer_pre_update,98,0.000535404949914664,0.06132335011614098,0.20505736366450045
optimizer_pre_update,99,0.00012043491096846992,0.06679599400992292,0.1758537174759904
optimizer_pre_update,100,0.0001235504987562308,0.05367013343001221,0.17220196208152622
optimizer_pre_update,101,0.00011271238690824248,0.052789569548606106,0.1547891935601379
optimizer_pre_update,102,0.00011264284603385022,0.05340094926263455,0.15162946898502158
optimizer_pre_update,103,0.0015005109598860145,0.08505494467502157,0.1901393285248115
optimizer_pre_update,104,0.0002265460880153114,0.0961786332590927,0.2078969780195189
optimizer_pre_update,105,0.00031982859582058154,0.09999824330679563,0.20377115178972055
optimizer_pre_update,106,0.0031551396677969024,0.05018417236659242,0.21603723964545452
optimizer_pre_update,107,7.958586229506182e-05,0.05447675416756642,0.1884802980125692
optimizer_pre_update,108,0.00037299470204743557,0.06683446440834687,0.20541062465517268
optimizer_pre_update,109,0.0002849263546522707,0.04177915810371061,0.187236289548947
optimizer_pre_update,110,0.000255271796049783,0.039483236603105494,0.18615774533802773
optimizer_pre_update,111,0.00016484285879414529,0.05204282130088264,0.20824775159089765
optimizer_pre_update,112,0.0004836830121348612,0.047068976432809544,0.19222176472794134
optimizer_pre_update,113,0.00013542920714826323,0.0865864904163954,0.20385257585981975
optimizer_pre_update,114,0.00014086937335378025,0.04975531100871098,0.18719990631492076
optimizer_pre_update,115,0.0003150068296235986,0.06337927052783052,0.17835582170404
optimizer_pre_update,116,0.0002251925670861965,0.041527416077302905,0.263939585357931
optimizer_pre_update,117,9.451434107177192e-05,0.09122906801409884,0.2788492408625615
optimizer_pre_update,118,0.00034120804048143327,0.07086348794646105,0.24350146322010935
optimizer_pre_update,119,0.00045294440133147873,0.05749441475116127,0.2145017602220408
optimizer_pre_update,120,0.0004806543583981693,0.05919259359192998,0.21524083169644018
optimizer_pre_update,121,0.0015982030017767102,0.039419330506316894,0.21853294470987972
optimizer_pre_update,122,0.0004443377329153009,0.06478333056505567,0.2034063491148919
optimizer_pre_update,123,0.00043194742102059536,0.05183842958266958,0.22541638987811158
optimizer_pre_update,124,0.00011192883266630815,0.06446358800905531,0.18635411058459325
optimizer_pre_update,125,0.00010654206380422693,0.05169586284936854,0.3229957487392276
optimizer_pre_update,126,0.00015779957720951643,0.05400620782624135,0.2254417180615312
optimizer_pre_update,127,0.0003382253271411173,0.057862607563637716,0.18038076266594072
optimizer_pre_update,128,6.420165482268203e-05,0.042252852954369764,0.17157878827038214
optimizer_pre_update,129,0.00013646359366248362,0.028476925491291476,0.1626258501929873
optimizer_pre_update,130,0.008072488359175622,0.06835191809719574,0.18852051554698598
optimizer_pre_update,131,0.0004035743695567362,0.04160785760477743,0.2583129289270943
optimizer_pre_update,132,0.0003820099045697134,0.08326647190753321,0.15867890425919517
optimizer_pre_update,133,0.0003500382154015824,0.07054483022869366,0.17189621511759873
optimizer_pre_update,134,0.0002750853800534969,0.04075096777571843,0.20299670965234867
optimizer_pre_update,135,0.00023784240693203174,0.03896484630986504,0.20663953460423579
optimizer_pre_update,136,0.00045956920803291723,0.06947838947463487,0.2667264106149572
optimizer_pre_update,137,0.0007445837327395566,0.07924173266291172,0.21477099035384994
optimizer_pre_update,138,0.000613185293332208,0.062059633926999994,0.20306020782953782
optimizer_pre_update,139,0.0005401373055065051,0.05029622746827362,0.18859162546504984
optimizer_pre_update,140,0.00031189993751468137,0.05937551831373047,0.23863085313635307
optimizer_pre_update,141,0.000165368122907239,0.06538235539380027,0.2452105554307068
optimizer_pre_update,142,9.677559410192771e-05,0.0440696232721537,0.17826156952000952
optimizer_pre_update,143,0.0003688099604914896,0.08009866067503463,0.19023494884848297
optimizer_pre_update,144,4.93563720738166e-05,0.04165062614996052,0.20555937112615136
optimizer_pre_update,145,0.0003128710013697855,0.06903307891431297,0.21755922982683412
optimizer_pre_update,146,9.806951129576191e-05,0.04151195792466558,0.24958054463017879
optimizer_pre_update,147,0.00022127728334453423,0.0668184782387793,0.25260209494774705
optimizer_pre_update,148,0.0008466666185995564,0.06236530071193783,0.2505943593430771
optimizer_pre_update,149,0.0005108776385895908,0.04377612498793172,0.2606005684188429
optimizer_pre_update,150,0.0002173533084715018,0.047550261051991075,0.30354475040346024
optimizer_pre_update,151,0.00025838490364549216,0.05535509185834521,0.1513580562136595
optimizer_pre_update,152,0.00019736836839001626,0.05296295083403713,0.15257000496993378
optimizer_pre_update,153,7.589410051878076e-05,0.04799968805558212,0.15510050391459232
optimizer_pre_update,154,0.0024804585627862252,0.030667406948260503,0.20438912645969018
optimizer_pre_update,155,0.000355463482264895,0.062128522613857186,0.2453253927656645
optimizer_pre_update,156,0.00015315413838834502,0.04797441012845607,0.17367305054514398
optimizer_pre_update,157,5.236889046500437e-05,0.04405088845179056,0.17345351904644699
optimizer_pre_update,158,0.00038679069257341325,0.028205560072565986,0.24335157536681948
optimizer_pre_update,159,0.00012157857872807654,0.03618688299306101,0.29366510286053565
optimizer_pre_update,160,0.0002538686057960149,0.04409579618007781,0.1998913044208502
optimizer_pre_update,161,0.0009539053207845427,0.04602552038414632,0.1924921354594151
optimizer_pre_update,162,0.00010535742148931604,0.05113947005775511,0.25916984418251643
optimizer_pre_update,163,0.0004314556863391772,0.037009494966689024,0.2160610075815119
optimizer_pre_update,164,0.00016864141252881382,0.04855018288006485,0.1817609057091616
optimizer_pre_update,165,0.0002315777073818026,0.05230479612021103,0.1740493544823807
optimizer_pre_update,166,5.200381156100775e-05,0.06017047595895234,0.18244493854923358
optimizer_pre_update,167,0.00013719748312723823,0.06810223630531116,0.16969897178591292
optimizer_pre_update,168,9.191036497213645e-05,0.05443585110438768,0.1802832254384368
optimizer_pre_update,169,0.0008965693414211273,0.06917333211746506,0.18205447733207097
optimizer_pre_update,170,6.884336653456558e-05,0.09492204430954952,0.1796212854796277
optimizer_pre_update,171,0.0006142482307041064,0.04768994733339221,0.25692890240181865
optimizer_pre_update,172,0.00014511620065604802,0.05062562368327312,0.4316357643541157
optimizer_pre_update,173,0.00011745716346922563,0.05022007165135942,0.1904962656067312
optimizer_pre_update,174,0.00034056853473884985,0.045476874397700026,0.19461375551433077
optimizer_pre_update,175,0.00036517903936328366,0.041607807470957076,0.20822144772075454
optimizer_pre_update,176,0.0001733340359351132,0.03750102121216089,0.20346303772391022
optimizer_pre_update,177,7.488703067792812e-05,0.039381726852108966,0.20796281272068504
optimizer_pre_update,178,0.0005233821939327754,0.04764655966362997,0.23618712775236347
optimizer_pre_update,179,0.00016069040248112287,0.05137578438361037,0.18817836174773653
optimizer_pre_update,180,0.00021301583001331892,0.047798040214087796,0.1950015836365985
optimizer_pre_update,181,0.0003401028770895209,0.05170191456114525,0.20420632609731595
optimizer_pre_update,182,0.00023023039830150083,0.06406822921352794,0.21871960186355008
optimizer_pre_update,183,0.005419310356955975,0.04868714254712772,0.2115176465337054
optimizer_pre_update,184,0.00016385814160457812,0.04852241834672657,0.15863669332720157
optimizer_pre_update,185,0.0001260414755961392,0.05042851699861861,0.16100517143239929
optimizer_pre_update,186,0.0002391822690697154,0.05022329703221716,0.19227940051436399
optimizer_pre_update,187,0.000450023775556474,0.07241817282386051,0.21356412437375255
optimizer_pre_update,188,0.0007081925978127401,0.054252560642809755,0.19459019072836692
optimizer_pre_update,189,0.0001149103072748403,0.056926512847269836,0.19420001816586996
optimizer_pre_update,190,8.236865505750757e-05,0.08423718960937576,0.15551997830597364
optimizer_pre_update,191,8.164346400008071e-05,0.0658009606154818,0.13782980819815657
optimizer_pre_update,192,0.0015793790662428364,0.11856385690107628,0.201644790754585
optimizer_pre_update,193,0.0005238031517365016,0.09474588216178957,0.18785598011054147
optimizer_pre_update,194,0.0002948964756797068,0.06249441425494258,0.1958379782016928
optimizer_pre_update,195,0.00017221769121533725,0.057081186318256774,0.17063011279227674
optimizer_pre_update,196,0.00039875260335975327,0.09058451606887759,0.21829528848409774
optimizer_pre_update,197,6.897747744005756e-05,0.06917186901856678,0.19206051989639075
optimizer_pre_update,198,0.00036130349326413125,0.0595769701306741,0.18149322647454486
optimizer_pre_update,199,0.0004644307082344312,0.07494853226279737,0.1811872861343139
optimizer_pre_update,200,0.00027972211682936177,0.10066104470856026,0.21725674417988167
optimizer_pre_update,201,0.0006366322631947696,0.08715947701128879,0.20514907673153504
optimizer_pre_update,202,0.00044651951611740515,0.06385891759895003,0.3112310204678071
optimizer_pre_update,203,0.00028154006213299,0.0463251031257653,0.20537710432076398
optimizer_pre_update,204,0.00014325232041301206,0.06896910516799769,0.21480800727857555
optimizer_pre_update,205,0.00036791464299312793,0.06511777235898886,0.189244430563511
optimizer_pre_update,206,0.0003081709255638998,0.049432456176237156,0.16490321493828874
optimizer_pre_update,207,0.0010733046074165031,0.07118199829702042,0.21254953832349113
optimizer_pre_update,208,0.0001267269271920668,0.030642211297327256,0.20365509190377393
optimizer_pre_update,209,0.0008739407130633481,0.0729401047372705,0.21567146743020324
optimizer_pre_update,210,0.0004674494412029162,0.06552026542030893,0.14434877954399009
optimizer_pre_update,211,0.00019952903676312417,0.047575631960645355,0.13393396092678098
optimizer_pre_update,212,0.0004769253355334513,0.05773148550067562,0.20336720833119054
optimizer_pre_update,213,0.0003525689353409689,0.07659688378174004,0.16058356722735848
optimizer_pre_update,214,0.0001265642586076865,0.06506699980652447,0.144855201641866
optimizer_pre_update,215,0.0002561385517765302,0.059005311380880734,0.14628054096305157
optimizer_pre_update,216,0.000359674304490909,0.04915099403933314,0.16401212993987513
optimizer_pre_update,217,0.0001639649326534709,0.06927889639949522,0.13048443443998756
optimizer_pre_update,218,0.00019450361833150964,0.07159207843364337,0.11808021982184405
optimizer_pre_update,219,0.00028894966453663073,0.059312934381251674,0.11965946907623375
optimizer_pre_update,220,0.0006586561721633188,0.07683093002195267,0.17315739135615127
optimizer_pre_update,221,0.00039433564597857185,0.06276559845012994,0.17057994825308556
optimizer_pre_update,222,0.0001205652997668949,0.05072334525065295,0.1556450370650397
optimizer_pre_update,223,7.202973120001843e-05,0.042117361918405455,0.16789499740573963
optimizer_pre_update,224,0.00042082867366843857,0.040705862595640005,0.16833682624021
optimizer_pre_update,225,0.00015806158808118198,0.06523463246314382,0.20237795783276066
optimizer_pre_update,226,0.0005993185186525807,0.04526882877992835,0.19213310633037758
optimizer_pre_update,227,0.0002363721614528913,0.06798867796777677,0.2172007426011842
optimizer_pre_update,228,0.00014086813098401763,0.058463732581602056,0.1922050071515654
optimizer_pre_update,229,0.0004823394301638473,0.04251363273438764,0.17064897916603816
optimizer_pre_update,230,0.0001971237416000804,0.06973590552948382,0.1752763032926233
optimizer_pre_update,231,0.00014093518802837934,0.0741924586977317,0.18190313450419093
optimizer_pre_update,232,0.0003905370940628927,0.064848558781828,0.18407193594017893
optimizer_pre_update,233,0.0005734885926358402,0.0901576414867585,0.18842281047683376
optimizer_pre_update,234,0.00037632138992194086,0.03829743363644639,0.17336070820414648
optimizer_pre_update,235,0.0003162336943205446,0.05661686280132019,0.14454819289137297
optimizer_pre_update,236,0.00032791496414574794,0.052966612011594326,0.1934233446136099
optimizer_pre_update,237,0.0002635382188600488,0.04011922789624598,0.182008413414317
optimizer_pre_update,238,0.0001812639402487548,0.05637124580042896,0.13503396236789436
optimizer_pre_update,239,0.0006877357955090702,0.051379579508248716,0.1729196707112132
optimizer_pre_update,240,0.00042090566057595424,0.05203162204046507,0.18757333372700477
optimizer_pre_update,241,0.0005201560925343074,0.06402262399382766,0.2504722733935804
optimizer_pre_update,242,0.002124724371242337,0.06233169539126332,0.19196952626708078
optimizer_pre_update,243,0.0006578055763384327,0.045601849573747515,0.1918792138338476
optimizer_pre_update,244,0.00104531896795379,0.03984374802299892,0.20365705261625075
optimizer_pre_update,245,0.0007389597885776311,0.05323651275395581,0.26080992161910943
optimizer_pre_update,246,0.00010668735012586694,0.04917537388306781,0.21567084988327528
optimizer_pre_update,247,0.00010367979848524556,0.05641089867800726,0.2106407557389094
optimizer_pre_update,248,0.00010067845687444787,0.05264753270690174,0.1549777637240777
optimizer_pre_update,249,0.0002867331168090459,0.08228413421691226,0.21728490468659267
optimizer_pre_update,250,0.0004243552830303088,0.09823048915432239,0.20300452236108243
optimizer_pre_update,251,8.197253191610798e-05,0.05976377372195901,0.227307725215697
optimizer_pre_update,252,0.00011641284345387248,0.062509499552241,0.21080775867609106
optimizer_pre_update,253,0.00028779606509488076,0.11692663854076625,0.17585729771700734
optimizer_pre_update,254,6.150081844680244e-05,0.07025120832119593,0.17457939097508343
optimizer_pre_update,255,0.00018032019943348132,0.060282974273335996,0.24516448268300353
optimizer_pre_update,256,0.00018867478320316877,0.0543832585327346,0.2504616434264774
optimizer_pre_update,257,8.230904859374277e-05,0.0847981291121665,0.23512593488046762
optimizer_pre_update,258,5.335857576937997e-05,0.05726976816189452,0.38868852171843243
optimizer_pre_update,259,0.00023644169687031535,0.04766101373283443,0.18784122394159414
optimizer_pre_update,260,0.00021271159857860766,0.04689485478402305,0.22209454445952537
optimizer_pre_update,261,9.877980028250022e-05,0.08755150017905135,0.3098047962683595
optimizer_pre_update,262,0.0001614801640243968,0.06582942016456843,0.2533340282003379
optimizer_pre_update,263,0.0001465516834286973,0.058276307270660924,0.24914020865358824
optimizer_pre_update,264,0.00011247396923863562,0.06674707183272159,0.24299327388148764
optimizer_pre_update,265,0.00019524619347066619,0.056086917587726236,0.20222828316034747
optimizer_pre_update,266,6.197268930918653e-05,0.09830866833081299,0.1938608828543531
optimizer_pre_update,267,5.678584284396493e-05,0.055051737789991395,0.14567337867709854
optimizer_pre_update,268,0.0001305652203882346,0.07071696034284283,0.22251491625251463
optimizer_pre_update,269,8.39047161207418e-05,0.057027318303788134,0.1791068929685249
optimizer_pre_update,270,0.00011584162984945579,0.05789852412637056,0.25722873609633856
optimizer_pre_update,271,0.00025109947273449507,0.0674690687196701,0.2204945033698028
optimizer_pre_update,272,0.000322431336826412,0.08049002393592433,0.21380520988847854
optimizer_pre_update,273,6.701052416246966e-05,0.11137385397742118,0.21485190560633358
optimizer_pre_update,274,0.0002025092690018937,0.11943743692639497,0.20931406209447448
optimizer_pre_update,275,0.0001134475114668021,0.0878450406220257,0.2528278069938499
optimizer_pre_update,276,8.832166986394441e-05,0.04604037421776508,0.23257444578277692
optimizer_pre_update,277,8.21836329123471e-05,0.06188216700270003,0.20801645531919125
optimizer_pre_update,278,0.00016632179904263467,0.11725667408099785,0.2020234761153832
optimizer_pre_update,279,0.0001428400519216666,0.09166248316550557,0.22942479628243
optimizer_pre_update,280,0.00011102855478384299,0.0970835512958968,0.21730396483730588
optimizer_pre_update,281,8.049855932767969e-05,0.061626654131767794,0.2159682515934725
optimizer_pre_update,282,0.00019535050341801252,0.0822053366621463,0.24782840839587367
optimizer_pre_update,283,0.00018885483586927876,0.061436827913977164,0.22507529222194428
optimizer_pre_update,284,0.00022120526227809023,0.05101990151834793,0.22406011473572673
optimizer_pre_update,285,0.0003589180705603212,0.056828690952970475,0.21061940412836283
optimizer_pre_update,286,0.0004078162273799535,0.06060070033761899,0.20203824530919856
optimizer_pre_update,287,0.00013173620391171426,0.04847784670951563,0.2391569069918281
optimizer_pre_update,288,4.8934172809822485e-05,0.0849086972096746,0.2689472190958617
optimizer_pre_update,289,0.0004904493798676413,0.05851042890299355,0.2908861999005034
optimizer_pre_update,290,0.0002871379310818156,0.05604468966606724,0.3497595621956904
optimizer_pre_update,291,0.0001461195479350863,0.1015539613510587,0.2272064227611514
optimizer_pre_update,292,7.466972238034941e-05,0.07577892727237459,0.20150349396431608
optimizer_pre_update,293,3.462781569396611e-05,0.05606550067854882,0.22084450238152026
optimizer_pre_update,294,0.0001229966710525332,0.05671577795738496,0.23030275841549822
optimizer_pre_update,295,0.0002335930912522599,0.05114361083976785,0.2188320989929931
optimizer_pre_update,296,9.540468818158843e-05,0.056870425730589494,0.22166496421818904
optimizer_pre_update,297,0.00017313783791905735,0.08274351833869704,0.19283809697718166
optimizer_pre_update,298,5.6793294334056554e-05,0.06649620164475267,0.2470411335033392
optimizer_pre_update,299,7.067124261084246e-05,0.05379882380125848,0.2150560538279373
optimizer_pre_update,300,8.00242041805177e-05,0.061438050336328626,0.21917853217772926
optimizer_pre_update,301,7.212162290670676e-05,0.08706397627559626,0.19254719364326064
optimizer_pre_update,302,7.104004635039018e-05,0.07187290810624228,0.23999586415597746
optimizer_pre_update,303,0.0001043677375491825,0.06111913613072619,0.2066853855409102
optimizer_pre_update,304,0.00019029279974347446,0.055452332054640854,0.2541179981741307
optimizer_pre_update,305,0.0008108231086225715,0.056335558092256835,0.18694687827495615
optimizer_pre_update,306,0.0001248369662789628,0.04860821462131414,0.1917611950173401
optimizer_pre_update,307,0.00026929379600915127,0.08377369039356515,0.2519789044816614
optimizer_pre_update,308,0.0002244102506665513,0.09723619367634578,0.2195063131656511
optimizer_pre_update,309,8.639320822112495e-05,0.1028534760787285,0.19356118585400256
optimizer_pre_update,310,0.00016774113464634866,0.08634852801132373,0.1918480512608022
optimizer_pre_update,311,9.824459903029492e-05,0.08853116121120706,0.1854227152775391
optimizer_pre_update,312,0.00014904141971783247,0.06951209527795787,0.23216839606866832
optimizer_pre_update,313,0.00024390469297941308,0.09136007529837356,0.23451403341330732
optimizer_pre_update,314,0.00043192382872803137,0.07749232448797969,0.20228986125254797
optimizer_pre_update,315,0.0005881960314582102,0.03837288822981058,0.20554384313824273
optimizer_pre_update,316,0.00014200186160451267,0.04561407025076272,0.17114404328351365
optimizer_pre_update,317,8.276974494947353e-05,0.04339260553447431,0.18893627308619856
optimizer_pre_update,318,0.0002587288709037239,0.05544927730015817,0.20240936331230297
optimizer_pre_update,319,0.0002077743483823724,0.04483681625089988,0.1785151608238821
optimizer_pre_update,320,0.00012712181069218786,0.04983586618360268,0.16661594287937595
optimizer_pre_update,321,0.00014932329941075295,0.04490887271561188,0.1698423852158163
optimizer_pre_update,322,0.00026220953986921813,0.054527000705162074,0.23967085270733568
optimizer_pre_update,323,0.00018654267660167534,0.07278768891029638,0.1774096801479497
optimizer_pre_update,324,0.0001339043219559244,0.05477294759003761,0.16387263436075455
optimizer_pre_update,325,0.00019638240883068647,0.07198400619117082,0.19040292168844408
optimizer_pre_update,326,0.0001391818186675664,0.0568675581841286,0.20350909754535895
optimizer_pre_update,327,0.00027231376043346245,0.049178442540755596,0.20563484898675263
optimizer_pre_update,328,0.00020381933245516848,0.0540967307229117,0.17715460302468394
optimizer_pre_update,329,5.9928746395598864e-05,0.06428283408035278,0.16253603567061176
optimizer_pre_update,330,0.00010994076910719741,0.0595755321938877,0.17469334164295683
optimizer_pre_update,331,9.213264002028154e-05,0.07961029026858457,0.16522322717924903
optimizer_pre_update,332,0.0005284051221678965,0.054184679373688927,0.206817314813816
optimizer_pre_update,333,0.00026526923829806037,0.15302154753820013,0.21001364563730468
optimizer_pre_update,334,0.00022762517801311333,0.07450003329347575,0.16825557309264805
optimizer_pre_update,335,0.00016101822620839812,0.0822369423746818,0.19346018385846878
optimizer_pre_update,336,6.470829430327285e-05,0.07226950988308523,0.18542464386790222
optimizer_pre_update,337,4.557644433589303e-05,0.061681015065944214,0.18567188892823241
optimizer_pre_update,338,0.0003462334607320372,0.08518688918762045,0.26371474821837904
optimizer_pre_update,339,0.00018161659681936726,0.05952726687778619,0.19770321223736573
optimizer_pre_update,340,7.748107236693613e-05,0.05849337756888856,0.19230841536299026
optimizer_pre_update,341,0.00032818566614878364,0.04643738277137961,0.19220597246179771
optimizer_pre_update,342,5.677963508787798e-05,0.04707563756312256,0.21778677074033057
optimizer_pre_update,343,0.00016248847714450676,0.08120722794212547,0.2564386966088004
optimizer_pre_update,344,0.0003213894960936159,0.050500623567694546,0.20690612971299108
optimizer_pre_update,345,0.00021085888693050947,0.07051479305608732,0.17943833145435212
optimizer_pre_update,346,0.00015529742449871264,0.07549791362124483,0.2437250236041909
optimizer_pre_update,347,0.00017308196038356982,0.05696952734788482,0.2628722209636632
optimizer_pre_update,348,0.0004620626714313403,0.05241082300508557,0.16837724389476208
optimizer_pre_update,349,9.471923385717673e-05,0.057962747578376626,0.14685628663960643
optimizer_pre_update,350,8.587166939832969e-05,0.06350875631743304,0.15813851758033642
optimizer_pre_update,351,0.00026631480432115495,0.06274691613965211,0.23517240736816236
optimizer_pre_update,352,0.00013026347187405918,0.05580347116685342,0.18074834139823392
optimizer_pre_update,353,9.277835670218337e-05,0.07097500256907749,0.16402608566724744
optimizer_pre_update,354,0.00024979314002848696,0.0670279671912885,0.21345310257376707
optimizer_pre_update,355,6.728743801431847e-05,0.07156560007254936,0.180654329798339
optimizer_pre_update,356,6.997461423452478e-05,0.05952015362655032,0.1725804645116585
optimizer_pre_update,357,7.291635211004177e-05,0.05549689982340016,0.1608164509164023
optimizer_pre_update,358,5.997469133944833e-05,0.057152553315771,0.1558514155133246
optimizer_pre_update,359,0.0002868908231903333,0.08795848483372168,0.18924854794665893
optimizer_pre_update,360,0.00012312457147345413,0.1031750575692854,0.2121873089896916
optimizer_pre_update,361,0.00015160193470364902,0.10548801778343618,0.21225881937553678
optimizer_pre_update,362,7.796287809469504e-05,0.050035876342744944,0.2728662310706319
optimizer_pre_update,363,4.522130029727123e-05,0.05703944731019709,0.19651118163103318
optimizer_pre_update,364,0.00018755967903416604,0.0725160445439769,0.21521757299310054
optimizer_pre_update,365,0.00011274218741164077,0.047507288976619884,0.19169111253131169
optimizer_pre_update,366,0.00011018291388609214,0.04470120732958054,0.19045510048195083
optimizer_pre_update,367,0.00010650977674231399,0.05191482506527296,0.22138315730447386
optimizer_pre_update,368,0.0001873162927950034,0.049909794366922035,0.19519715942181048
optimizer_pre_update,369,7.435306997649604e-05,0.09475887360347036,0.21046400523327605
optimizer_pre_update,370,9.125223004957661e-05,0.053748990994971005,0.19407089176832823
optimizer_pre_update,371,0.00021930039474682417,0.06874126058701148,0.18129175645529572
optimizer_pre_update,372,9.103988941205898e-05,0.04350555773175618,0.27107629729357213
optimizer_pre_update,373,6.462757937697461e-05,0.09699859485276471,0.2871975403192684
optimizer_pre_update,374,0.00014396136430150364,0.07906794103376569,0.2574709958558924
optimizer_pre_update,375,0.00011891251051565632,0.06276644375078926,0.22350078212413255
optimizer_pre_update,376,0.00016468391550006345,0.062284503292776884,0.2209449235210927
optimizer_pre_update,377,0.0001445661055186065,0.042164438025025654,0.23319467064942487
optimizer_pre_update,378,0.0001782253420969937,0.06865732685181679,0.1966969998684634
optimizer_pre_update,379,0.00015595803961332422,0.0565268725751229,0.22338974996853728
optimizer_pre_update,380,8.270517264463706e-05,0.07333489268986247,0.19078952689581294
optimizer_pre_update,381,7.323299996642163e-05,0.056699329005544204,0.35311822391162667
optimizer_pre_update,382,8.051594340940937e-05,0.062107137814081594,0.23537476846525351
optimizer_pre_update,383,0.00013939416021457873,0.06285528679964374,0.1859589983511376
optimizer_pre_update,384,5.198146027396433e-05,0.048413533110447306,0.17705595085622597
optimizer_pre_update,385,0.00010672460302885156,0.03263890692374019,0.1799511779759081
optimizer_pre_update,386,0.0001266549070351175,0.05386499565787899,0.19150037520809807
optimizer_pre_update,387,0.0002131884357368108,0.04544460630169896,0.3002158134780478
optimizer_pre_update,388,0.00021563967675319873,0.09296876287168525,0.16213758625077898
optimizer_pre_update,389,0.0001529244109406136,0.07292974924450144,0.17125475329624293
optimizer_pre_update,390,0.00013746321565122344,0.04405397113741938,0.2080669785880878
optimizer_pre_update,391,0.00011109064325864892,0.042591224541931816,0.20919373343638833
optimizer_pre_update,392,8.057430659391684e-05,0.0701659909085609,0.24769207270287377
optimizer_pre_update,393,0.0003482028914731927,0.08113596957509586,0.21575961895287804
optimizer_pre_update,394,0.00026306013751309365,0.06667855876732602,0.20077245291474835
optimizer_pre_update,395,0.0002561559376772493,0.056610765765657524,0.19470422921919964
optimizer_pre_update,396,0.0001261134984815726,0.07143183626061399,0.24868118181120544
optimizer_pre_update,397,9.650861466070637e-05,0.07481054201791017,0.26823375627971624
optimizer_pre_update,398,4.48438040621113e-05,0.05061884324698124,0.19127335936793324
optimizer_pre_update,399,0.00017096475312428083,0.0860899191539038,0.19271190939889415
optimizer_pre_update,400,3.4298748687433545e-05,0.0475103023120005,0.2170420963753982
optimizer_pre_update,401,0.0001624363230803283,0.06882921403916281,0.22400272067836136
optimizer_pre_update,402,7.068738614179892e-05,0.041688691567992424,0.26391218628106966
optimizer_pre_update,403,0.00010540088078414556,0.07172845676749925,0.25745940910718734
optimizer_pre_update,404,0.00041440875429543667,0.06606153418718821,0.24448877547349185
optimizer_pre_update,405,0.0003591291697375709,0.04797175752338968,0.27009228819864556
optimizer_pre_update,406,8.706003609404434e-05,0.05198241179709985,0.33404645661426163
optimizer_pre_update,407,8.874635113897966e-05,0.0600818423265875,0.15608671381990202
optimizer_pre_update,408,0.00010107582056662068,0.05809721366946923,0.1571751051217082
optimizer_pre_update,409,8.16906504041981e-05,0.0526783650379741,0.16282159324800555
optimizer_pre_update,410,9.37966033234261e-05,0.03340804894829734,0.2138406495950256
optimizer_pre_update,411,0.00018862511205952615,0.0710912185320619,0.2528441827781797
optimizer_pre_update,412,7.351488329732092e-05,0.05440697710593443,0.17870095369027772
optimizer_pre_update,413,3.5812458918371703e-05,0.05026432943521254,0.17922496331755738
optimizer_pre_update,414,0.00010377789749327349,0.03129877593726119,0.24354312733468034
optimizer_pre_update,415,8.842349370752345e-05,0.038752074825345484,0.3131313738582977
optimizer_pre_update,416,0.00015819197324162815,0.04759134506628425,0.20867661757117706
optimizer_pre_update,417,0.0003526769760355819,0.04760237656256966,0.19478586594223501
optimizer_pre_update,418,8.131936374411453e-05,0.06070251929326785,0.2767673099665493
optimizer_pre_update,419,0.00024308388674398884,0.040611284389858886,0.23136518789481034
optimizer_pre_update,420,0.0001028341575874947,0.05370135668268368,0.18911751702997448
optimizer_pre_update,421,0.000149554269228247,0.059844164673200924,0.1820663218544261
optimizer_pre_update,422,3.9300571643252624e-05,0.06638276910278956,0.18881844868083866
optimizer_pre_update,423,0.00010308499531674897,0.07450116729131087,0.18055272199130867
optimizer_pre_update,424,5.5159133353299694e-05,0.060560641090023015,0.18549250777915446
optimizer_pre_update,425,0.00021803379604534712,0.0762911222400436,0.186946828283642
optimizer_pre_update,426,5.520880313270027e-05,0.10038517047127722,0.1805566297021827
optimizer_pre_update,427,0.00034006437272182666,0.05250317429180881,0.2689843502116302
optimizer_pre_update,428,7.985656702658162e-05,0.054156685883613484,0.48413315210661334
optimizer_pre_update,429,0.00010205060516454978,0.057203032463177185,0.19714129462045452
optimizer_pre_update,430,0.0002126172221323941,0.05019815981131352,0.1985477839742548
optimizer_pre_update,431,0.0001704928836261388,0.04132651139769912,0.20120867079545152
optimizer_pre_update,432,7.360428799074725e-05,0.038303207732066996,0.19496326193615468
optimizer_pre_update,433,6.255880225580768e-05,0.040958575134754246,0.2067879822730105
optimizer_pre_update,434,0.00022161131528264377,0.049789631727016496,0.23595284058668647
optimizer_pre_update,435,0.00012363245423330227,0.06028178650991213,0.1955892902140212
optimizer_pre_update,436,0.0001576654667587718,0.053367671941231806,0.2154277614125026
optimizer_pre_update,437,0.00017464285429014126,0.05392810019862604,0.21164257187556326
optimizer_pre_update,438,7.375950917776208e-05,0.07014580479910551,0.22674056152784572
optimizer_pre_update,439,0.0003209201149729779,0.05155201472924107,0.20635808386947388
optimizer_pre_update,440,6.0006977946613915e-05,0.05470974167835811,0.16584215707291317
optimizer_pre_update,441,5.92060396229499e-05,0.05589252252831778,0.17171908616854845
optimizer_pre_update,442,0.00015717124369984958,0.05367084867080858,0.21251130344298777
optimizer_pre_update,443,0.00022364780670613982,0.07369118546671895,0.21806160808800476
optimizer_pre_update,444,0.0001766483028404764,0.054737397302669535,0.20472631842318312
optimizer_pre_update,445,0.0001294637768296525,0.05707731376053698,0.2039794554289469
optimizer_pre_update,446,6.872043195471633e-05,0.09552389620095283,0.16230566075157965
optimizer_pre_update,447,7.268165882123867e-05,0.07816711364771901,0.14267518059718326
optimizer_pre_update,448,2.7060509182774695e-05,0.10190137750056358,0.19829419013187902
optimizer_pre_update,449,4.30444888479542e-05,0.08599888882606016,0.1994345189035247
optimizer_pre_update,450,0.0001296450718655251,0.06056063664589792,0.19788515437330698
optimizer_pre_update,451,0.00015613313189533073,0.06309576111289102,0.1767071199513708
optimizer_pre_update,452,0.00021608795032079797,0.09706165776180654,0.22834822273524097
optimizer_pre_update,453,5.4473679028888e-05,0.07931671414475189,0.20517904924265515
optimizer_pre_update,454,0.00010400389874121174,0.06459600775528254,0.18782768139520883
optimizer_pre_update,455,0.000250302264248603,0.08532223849451953,0.18454338304425047
optimizer_pre_update,456,0.00012221311772009358,0.11259326926688784,0.23115992173463507
optimizer_pre_update,457,0.0001941695863934001,0.10225233676827862,0.21874046372336137
optimizer_pre_update,458,0.00014202048805600498,0.06449159095282078,0.365266943282792
optimizer_pre_update,459,0.0001209030569953029,0.04919050713417196,0.22150337446806628
optimizer_pre_update,460,0.00010527919039304834,0.07473236742859606,0.22328736972920182
optimizer_pre_update,461,0.00018992648074345198,0.072445100723129,0.20202886245062054
optimizer_pre_update,462,0.0001362698794764583,0.055119622908040115,0.16718739314478345
optimizer_pre_update,463,0.00045176720959716477,0.0743314814624968,0.21325047000023342
optimizer_pre_update,464,6.986037078604568e-05,0.03385416214789659,0.21279640573670694
optimizer_pre_update,465,5.0125023790315026e-05,0.08282682040654982,0.22585978994053385
optimizer_pre_update,466,0.00012805313235730864,0.0770261757922626,0.1489020552462263
optimizer_pre_update,467,0.00010376796308264602,0.055712626360503704,0.14063206820583726
optimizer_pre_update,468,0.0002354284151806496,0.061876496474931326,0.20915929283708357
optimizer_pre_update,469,0.00019318610975460615,0.08575770598003886,0.1638752499737973
optimizer_pre_update,470,8.06376374384854e-05,0.06860016141831371,0.14853226627769808
optimizer_pre_update,471,0.00010963778004224878,0.06159118795379447,0.14944171541358942
optimizer_pre_update,472,0.00011537224327184958,0.05075787840982945,0.1642252699375167
optimizer_pre_update,473,0.00012633080677915132,0.07883327886091107,0.1351986242856724
optimizer_pre_update,474,0.00011816620917670662,0.08089906095094257,0.1223100370364521
optimizer_pre_update,475,0.0001502595878264401,0.0689945171948871,0.12444904693611789
optimizer_pre_update,476,0.0001662274280533893,0.08423465512585906,0.17568782019955523
optimizer_pre_update,477,0.0001196153489217977,0.06684864293216056,0.17728601503684968
optimizer_pre_update,478,0.00010066231607197551,0.057484730809238486,0.16171594447698306
optimizer_pre_update,479,4.481276027945569e-05,0.04652813450686041,0.1718300924599502
optimizer_pre_update,480,0.00010495881542738061,0.045091465722779694,0.17476937167656573
optimizer_pre_update,481,7.40674649932771e-05,0.08286210769279465,0.2126496997641062
optimizer_pre_update,482,8.741766487219138e-05,0.049675554222224014,0.19878372185326007
optimizer_pre_update,483,0.0001232673766935477,0.07342483933198428,0.21577540835760922
optimizer_pre_update,484,0.00010711079175962368,0.06473599137024172,0.2010783908010242
optimizer_pre_update,485,0.0003289282412879402,0.04953056541474746,0.1777248919284393
optimizer_pre_update,486,0.00012063856138411211,0.0760276586590229,0.18280400545643274
optimizer_pre_update,487,4.8289697588188574e-05,0.08143139872111003,0.18789432444767554
optimizer_pre_update,488,0.00018464774439053144,0.0709213443725137,0.1892164694907852
optimizer_pre_update,489,0.00022677705419482663,0.10443949785159604,0.19921075493278773
optimizer_pre_update,490,0.0002512335868232185,0.04302579843265498,0.1820377227473335
optimizer_pre_update,491,0.0001519260367786046,0.06127857561442815,0.15073749566813566
optimizer_pre_update,492,0.00018745288798527326,0.057502943286680326,0.19565332800224866
optimizer_pre_update,493,0.00011744350467779441,0.043796373173778734,0.1906588149126175
optimizer_pre_update,494,0.00011834999349957798,0.06368605277779846,0.13966085311345033
optimizer_pre_update,495,0.00024940819275798276,0.056363117528270494,0.1779440276975303
optimizer_pre_update,496,0.00025135030773526523,0.05327381744843541,0.19448213289845337
optimizer_pre_update,497,0.0002442834393150406,0.07317690899668204,0.25929572876123225
optimizer_pre_update,498,0.0003230559377698228,0.05884220431953597,0.1834087254751029
optimizer_pre_update,499,0.0002885398826037999,0.04800345035955672,0.17697536952126933
optimizer_pre_update,500,0.00021634375298162922,0.042102238797071014,0.1929890337925081
optimizer_pre_update,501,0.0003020266813109629,0.058965193957717,0.2760773240760781
optimizer_pre_update,502,6.966168893995928e-05,0.05220128458133366,0.22996206409969455
optimizer_pre_update,503,8.168320073309587e-05,0.06009473198164752,0.215528822183452
optimizer_pre_update,504,7.686764183745254e-05,0.056143087770096536,0.16016684026717448
optimizer_pre_update,505,0.00016724939632695168,0.08985226322683529,0.2266915897735919
optimizer_pre_update,506,0.0002712582609092351,0.10485630233574694,0.20895480711943093
optimizer_pre_update,507,6.470456992246909e-05,0.0614554366117971,0.24683716243667542
optimizer_pre_update,508,7.663419091841206e-05,0.06364251814466891,0.2168805349361165
optimizer_pre_update,509,0.00022015224385540932,0.12980071184226655,0.1811110812034981
optimizer_pre_update,510,5.427996438811533e-05,0.079632231267813,0.1910725089033382
optimizer_pre_update,511,5.977973478366039e-05,0.0667791622086396,0.2788467582340114
optimizer_pre_update,512,0.00012477239397412632,0.05821402605028768,0.2795803958802721
optimizer_pre_update,513,6.91786412971851e-05,0.09381864499505777,0.24202693783638007
optimizer_pre_update,514,4.911422820441658e-05,0.061852759039952285,0.45910565069150455
optimizer_pre_update,515,0.00011010468369931914,0.050651203105075746,0.19385705180901946
optimizer_pre_update,516,6.137415857665474e-05,0.050804085432613555,0.2573790317403404
optimizer_pre_update,517,6.731475605192827e-05,0.09481381504165758,0.37058264459731455
optimizer_pre_update,518,8.446350875601638e-05,0.06933983905010371,0.241407824166496
optimizer_pre_update,519,0.00010035187278845115,0.06131171346867766,0.2363121219143637
optimizer_pre_update,520,0.00013273458171170205,0.06833580416832463,0.23525411410205777
optimizer_pre_update,521,2.219403836534184e-05,0.05858474933821544,0.20412948362683234
optimizer_pre_update,522,6.130337851573131e-05,0.10853641725354225,0.20681790125719132
optimizer_pre_update,523,4.1055183828575537e-05,0.05965126881971496,0.15413553457932394
optimizer_pre_update,524,6.891538987474632e-05,0.07533683071599587,0.23172714394364
optimizer_pre_update,525,8.093814176390879e-05,0.060676471063434205,0.1877995893123723
optimizer_pre_update,526,8.806089772406267e-05,0.061386807055504956,0.2695895439652214
optimizer_pre_update,527,0.00018929938960354775,0.07104069002832789,0.23177314791527182
optimizer_pre_update,528,0.00015278781938832253,0.08858193104365107,0.2561084491262886
optimizer_pre_update,529,4.7671299398643896e-05,0.12027432131126486,0.21989112645605136
optimizer_pre_update,530,0.00013414149816526333,0.12660715550316862,0.21606907774287928
optimizer_pre_update,531,5.787114469057997e-05,0.09016774488737511,0.2630039886076315
optimizer_pre_update,532,9.685382656243746e-05,0.049551576506091745,0.24036770277936437
optimizer_pre_update,533,6.0898564697708935e-05,0.0664046490630562,0.2240117162022417
optimizer_pre_update,534,0.00012130787399655674,0.12786156751318117,0.20988833874844862
optimizer_pre_update,535,0.00010949125316983555,0.100512564080474,0.2382277176918934
optimizer_pre_update,536,6.915256562933791e-05,0.10654714568303791,0.2261853297165203
optimizer_pre_update,537,6.42053810224752e-05,0.06668547165963418,0.22461759737481624
optimizer_pre_update,538,0.00012956560021848418,0.08524457982911199,0.25111728673572475
optimizer_pre_update,539,0.00011224672380194534,0.06418645004624325,0.23449416642314697
optimizer_pre_update,540,0.00013499831402441487,0.05447903330870105,0.2357161878739697
optimizer_pre_update,541,0.00011163329418195644,0.058551191533951004,0.2160783037541251
optimizer_pre_update,542,0.00012447809422155842,0.06316585522129914,0.2078384191161072
optimizer_pre_update,543,8.555874410376418e-05,0.05218073769657858,0.25816906809069495
optimizer_pre_update,544,4.9714000397216296e-05,0.09076303983302371,0.30301549105500636
optimizer_pre_update,545,0.00010065362130262656,0.06131477423703901,0.30772718666668275
optimizer_pre_update,546,0.00026175504899583757,0.059718220378861486,0.3874680890751476
optimizer_pre_update,547,8.994465406431118e-05,0.11131174909459438,0.23413153418435673
optimizer_pre_update,548,5.863110345671885e-05,0.08531137214951323,0.21101295942744083
optimizer_pre_update,549,3.126884621451609e-05,0.06264876879686837,0.23093511443100534
optimizer_pre_update,550,0.00012529393461591098,0.06080830346185769,0.24018068953547633
optimizer_pre_update,551,0.00011841332434414653,0.056375569187385025,0.22814415740062052
optimizer_pre_update,552,7.436052237608237e-05,0.06067618664659583,0.2291333403450252
optimizer_pre_update,553,0.00013277183643367607,0.08940883892576565,0.20035031130787934
optimizer_pre_update,554,5.0531080432847375e-05,0.0716990652404183,0.25552813468741076
optimizer_pre_update,555,5.745515363742015e-05,0.05944010249487916,0.23123834619904757
optimizer_pre_update,556,5.560616773436777e-05,0.06807030521291986,0.22354411724854667
optimizer_pre_update,557,5.7512275361659704e-05,0.0911741165421297,0.20460765244725915
optimizer_pre_update,558,5.819151920150034e-05,0.07537813004993697,0.25081992171091483
optimizer_pre_update,559,5.9577327647275524e-05,0.06349804265102853,0.21305271407578272
optimizer_pre_update,560,0.00013504674461728428,0.06006237242602103,0.25934735514602664
optimizer_pre_update,561,7.03434161550831e-05,0.05598963850529872,0.191330436457622
optimizer_pre_update,562,0.00018334265041630715,0.050998684385553196,0.19531585821914535
optimizer_pre_update,563,0.0001786823140719207,0.086941999454491,0.25806575886969596
optimizer_pre_update,564,0.00014952943274693098,0.10565635293954044,0.22877021892339547
optimizer_pre_update,565,3.200024525540357e-05,0.10998344097313291,0.1993378997247875
optimizer_pre_update,566,5.348275226424448e-05,0.08851963731749667,0.19812316688265272
optimizer_pre_update,567,7.109095895430073e-05,0.09227713673476384,0.19282886098097093
optimizer_pre_update,568,0.0001281884833588265,0.07543477296702586,0.24209701071442366
optimizer_pre_update,569,0.00012969722411071416,0.09892966415351331,0.2509653967210879
optimizer_pre_update,570,0.0002911662195401732,0.08474804357807542,0.20706183000812214
optimizer_pre_update,571,0.00025806452867982443,0.04289989897181688,0.21090487072061295
optimizer_pre_update,572,0.00010771304732770659,0.05103624591286714,0.17513289368921175
optimizer_pre_update,573,6.94704576744698e-05,0.047909020246001306,0.1923063029889224
optimizer_pre_update,574,0.00017590697279956657,0.06138048919803706,0.20737266967585977
optimizer_pre_update,575,0.00013226519422460115,0.05008935635379144,0.18363319923452134
optimizer_pre_update,576,8.430456364294514e-05,0.05612847999380874,0.1671383044468553
optimizer_pre_update,577,9.52829941525124e-05,0.05127482325873545,0.1720367572765428
optimizer_pre_update,578,0.0001587433162058005,0.058587375409572665,0.2445646269884208
optimizer_pre_update,579,8.263687504950212e-05,0.07595720065299139,0.18032138248161103
optimizer_pre_update,580,0.00011382252250768943,0.05884443548629267,0.16724714563470414
optimizer_pre_update,581,0.0001260886610907619,0.0795475861704011,0.1978602684843047
optimizer_pre_update,582,0.00010190035209234338,0.06257032791392117,0.21007642707590357
optimizer_pre_update,583,0.00011261925374128623,0.05531268905080625,0.2172229223695894
optimizer_pre_update,584,0.00011655316029646201,0.059623814444766735,0.1821339367262216
optimizer_pre_update,585,4.792834442923777e-05,0.06931080270306611,0.16885346728511816
optimizer_pre_update,586,8.966774021246238e-05,0.06354556363750456,0.17881423511928327
optimizer_pre_update,587,5.2145373501844006e-05,0.087661838649081,0.16923218870919504
optimizer_pre_update,588,0.000267641005848418,0.05771763520863982,0.21394299056306132
optimizer_pre_update,589,0.00015665094542782754,0.1711292084680609,0.21583254303638935
optimizer_pre_update,590,0.00012526289083325537,0.08245200449097434,0.16126832396753787
optimizer_pre_update,591,0.00011906524832738796,0.09096349311573092,0.19911461919989967
optimizer_pre_update,592,4.1710834921104833e-05,0.08122439746116361,0.1976751527977728
optimizer_pre_update,593,3.1098724093681085e-05,0.0672349817102091,0.19822978072453606
optimizer_pre_update,594,0.0002063425945380004,0.09015643551182485,0.2705021157683397
optimizer_pre_update,595,0.00012190019424451748,0.06268371999301875,0.20063474348525417
optimizer_pre_update,596,6.389369809767231e-05,0.063484869103694,0.1949999399158796
optimizer_pre_update,597,0.00012832011179852998,0.051734138496967584,0.19762668287323293
optimizer_pre_update,598,4.111851330890204e-05,0.051455313165842086,0.22531094444138675
optimizer_pre_update,599,0.00010360901706008008,0.09093321103535558,0.25642982569394224
optimizer_pre_update,600,0.00017450253653805703,0.05405689851430624,0.20669473719456033
optimizer_pre_update,601,0.0001331952735199593,0.07588219365274909,0.18851982919451055
optimizer_pre_update,602,0.0001071840551958303,0.07883331957398658,0.24689089330706793
optimizer_pre_update,603,0.00011164571242261445,0.06154817408234562,0.27105024181439175
optimizer_pre_update,604,0.0002281703127664514,0.05663651215303664,0.17065189164578629
optimizer_pre_update,605,6.22893380750611e-05,0.06344139325255407,0.15006148249345447
optimizer_pre_update,606,7.512296360800974e-05,0.0684440919301382,0.15991147742487957
optimizer_pre_update,607,0.00016408414194302168,0.07043529004853114,0.23503376957937977
optimizer_pre_update,608,0.00011806190377683379,0.06200896996720872,0.18490696853279015
optimizer_pre_update,609,5.001078125133063e-05,0.07501022136947781,0.16815973930423847
optimizer_pre_update,610,0.00016422570479335263,0.07173333781608723,0.21888587740956333
optimizer_pre_update,611,4.518404784903396e-05,0.07987832374445225,0.1871093520701672
optimizer_pre_update,612,3.806625909419381e-05,0.0670759701488958,0.17605009382513598
optimizer_pre_update,613,5.492071386470343e-05,0.06139155694701156,0.1649849174827095
optimizer_pre_update,614,4.7846387587924255e-05,0.06467929289869312,0.1598221189464783
optimizer_pre_update,615,9.609759126760764e-05,0.09269168279771929,0.1952952976596742
optimizer_pre_update,616,7.682169689360308e-05,0.1106041591745191,0.2173057642561749
optimizer_pre_update,617,7.976591859915061e-05,0.11380384042126658,0.2188816092596803
optimizer_pre_update,618,7.6004616857972e-05,0.054315711624225084,0.30623363042951623
optimizer_pre_update,619,3.7332376905396814e-05,0.062269463138932314,0.20427915980232533
optimizer_pre_update,620,0.00014905756142979953,0.07775554986337706,0.22383820951164957
optimizer_pre_update,621,6.462633837145404e-05,0.053401226658729595,0.19944993355091417
optimizer_pre_update,622,7.438411466864636e-05,0.05049918416194892,0.19724756981636773
optimizer_pre_update,623,8.190423523046775e-05,0.05593744315035508,0.22868292642345003
optimizer_pre_update,624,0.00010429819667479023,0.05299235378935415,0.19962017952287578
optimizer_pre_update,625,5.661447903548833e-05,0.10521252023531356,0.21852630859918776
optimizer_pre_update,626,7.541353716078447e-05,0.05763279015333936,0.19946388727065603
optimizer_pre_update,627,0.00013917188152845483,0.07512907775058468,0.18586397555988726
optimizer_pre_update,628,8.101637376967119e-05,0.045939383989507115,0.27732383571403807
optimizer_pre_update,629,5.1384172365942504e-05,0.10562222934208092,0.29079555857842754
optimizer_pre_update,630,7.293746057257522e-05,0.08626447995186093,0.26979324434245505
optimizer_pre_update,631,4.433716458152048e-05,0.0695955945757976,0.23394963937740532
optimizer_pre_update,632,7.717435710219434e-05,0.06830333420833307,0.24072883115282798
optimizer_pre_update,633,0.00010101869884238113,0.04631056423733837,0.24047800237599018
optimizer_pre_update,634,0.00010490914428373799,0.07691517462528753,0.2010345739997793
optimizer_pre_update,635,8.084749424597248e-05,0.061457061230616596,0.22742559496869444
optimizer_pre_update,636,7.04874628354446e-05,0.08235821042777867,0.19697305021646247
optimizer_pre_update,637,4.887456771029974e-05,0.06215963027736162,0.36766859825516013
optimizer_pre_update,638,4.522875087786815e-05,0.0692114719283651,0.23882488832522164
optimizer_pre_update,639,6.258860321395332e-05,0.06850125147299357,0.19309497114604202
optimizer_pre_update,640,4.768495864482247e-05,0.05493021845559549,0.18441241641787526
optimizer_pre_update,641,7.133931103453506e-05,0.03702028868497747,0.20068786206732733
optimizer_pre_update,642,9.908278934744885e-05,0.05835737209588731,0.20038707244084705
optimizer_pre_update,643,0.00013456866781780263,0.04984010872293094,0.36107512906565004
optimizer_pre_update,644,0.00013802201101498213,0.10018174444188764,0.16694965025959327
optimizer_pre_update,645,0.00010217602266493486,0.07715755749443207,0.17710554912588486
optimizer_pre_update,646,0.00010277455203322461,0.04714218513045752,0.21562536810315314
optimizer_pre_update,647,7.820750579412561e-05,0.045957082759897974,0.21618479686152872
optimizer_pre_update,648,5.129724922880996e-05,0.07532785423910698,0.2504666905918879
optimizer_pre_update,649,0.00017281125474255532,0.08265071569547004,0.2194641035606058
optimizer_pre_update,650,0.00014105067202763166,0.07378022591290112,0.20449046584005773
optimizer_pre_update,651,0.00015845646885281894,0.06220145771899485,0.2008360406234161
optimizer_pre_update,652,6.027892277415958e-05,0.08119460613629574,0.2586201770778234
optimizer_pre_update,653,6.44611841380538e-05,0.08518625098321679,0.2935240133962653
optimizer_pre_update,654,3.703683705680305e-05,0.05718445409710307,0.20320164082344547
optimizer_pre_update,655,0.00011111796084151138,0.09307197506405589,0.19878074885075905
optimizer_pre_update,656,2.9889246661696234e-05,0.05158579656953819,0.22695090823012462
optimizer_pre_update,657,9.285907162848162e-05,0.07057106944615753,0.2263904670683012
optimizer_pre_update,658,5.001947420169017e-05,0.043338088482704144,0.28020809385557366
optimizer_pre_update,659,7.600834214827046e-05,0.07560175370466199,0.26851844750440157
optimizer_pre_update,660,0.0002462752236169763,0.06961325036374913,0.24867010157806715
optimizer_pre_update,661,0.0002670946323632961,0.05183587402759924,0.2810614823212636
optimizer_pre_update,662,6.420910540327895e-05,0.05591940713293839,0.36180226709409297
optimizer_pre_update,663,4.5609971493831836e-05,0.06691757049004826,0.16245107596450095
optimizer_pre_update,664,6.74488674121676e-05,0.06462776662029758,0.16390709805833237
optimizer_pre_update,665,6.412839047698071e-05,0.05741810137365882,0.1684159151595535
optimizer_pre_update,666,7.420157635351643e-05,0.03608736188019904,0.222415605857385
optimizer_pre_update,667,0.00011851763156300876,0.07850072612724006,0.26147265541178955
optimizer_pre_update,668,4.939735026709968e-05,0.058951787530903896,0.18465169884316315
optimizer_pre_update,669,3.0172368497005664e-05,0.056484482182119454,0.18460404860765772
optimizer_pre_update,670,7.549549309260328e-05,0.034667814267975494,0.24680073525094998
optimizer_pre_update,671,7.198875300673535e-05,0.04114368401397266,0.36225821759743776
optimizer_pre_update,672,8.42958716020803e-05,0.05024810143437483,0.22277025881609921
optimizer_pre_update,673,0.0001572867276991019,0.0512562168932093,0.19973721038094921
optimizer_pre_update,674,6.70639201416634e-05,0.06847206404679458,0.28536069633700484
optimizer_pre_update,675,0.00010277827823301777,0.04426034814168366,0.2435616821289798
optimizer_pre_update,676,7.887184801802505e-05,0.05897611911506972,0.20250786153583605
optimizer_pre_update,677,0.00011408329191908706,0.0674266831482111,0.19190293263530178
optimizer_pre_update,678,3.948932044295361e-05,0.07177233508953436,0.1953524461333328
optimizer_pre_update,679,7.811809791746782e-05,0.07901136711869872,0.18964797789593524
optimizer_pre_update,680,3.633399956015637e-05,0.06656284131879338,0.1931616299452613
optimizer_pre_update,681,8.123492352751782e-05,0.08069647171296428,0.19583028131302602
optimizer_pre_update,682,4.065657776664011e-05,0.10620439998965318,0.18342816052433064
optimizer_pre_update,683,0.00017512465819891077,0.0576493964408234,0.2822598015381556
optimizer_pre_update,684,7.06017044649343e-05,0.058479897842006225,0.5052962775227512
optimizer_pre_update,685,7.349377119680867e-05,0.06266469461962808,0.20447641686995532
optimizer_pre_update,686,0.00014119595653028227,0.05450565962724268,0.2045350638639516
optimizer_pre_update,687,9.705995671538403e-05,0.04206451793301577,0.20411452261781832
optimizer_pre_update,688,4.961962667948683e-05,0.04018622972400693,0.20077741299047425
optimizer_pre_update,689,5.1349402838241076e-05,0.04355656981049864,0.21835682511249335
optimizer_pre_update,690,0.0001395059180140379,0.05251669325031681,0.2373966461105254
optimizer_pre_update,691,9.155149564321619e-05,0.06745793516078438,0.20371970969913933
optimizer_pre_update,692,0.00011545792676770361,0.05742300576904752,0.2512882452212998
optimizer_pre_update,693,0.00010470797769812634,0.05597611851204248,0.21788626094402538
optimizer_pre_update,694,4.079068821738474e-05,0.07447418325173392,0.2339605148185537
optimizer_pre_update,695,0.00013720492916036164,0.054300871091074523,0.20807452461943848
optimizer_pre_update,696,5.414212819232489e-05,0.059304102578735376,0.1719144159622019
optimizer_pre_update,697,4.315997284720652e-05,0.060798769569283366,0.17852207857985278
optimizer_pre_update,698,0.00011338542117300676,0.0580323369058801,0.22664625373049446
optimizer_pre_update,699,0.0001416914219589671,0.0765795516542503,0.22460913886760672
optimizer_pre_update,700,8.902699028112693e-05,0.056205517236845526,0.2169630641974063
optimizer_pre_update,701,9.811918243940454e-05,0.059998870925472514,0.2120976916974818
optimizer_pre_update,702,4.845733519687201e-05,0.10411179855580102,0.16941460251932222
optimizer_pre_update,703,5.6426973969792016e-05,0.08648473897670457,0.14770680061819771
optimizer_pre_update,704,3.0865272719893255e-05,0.11671771948508511,0.20533122738741644
optimizer_pre_update,705,4.343440332377213e-05,0.09666091047851079,0.20497957225062444
optimizer_pre_update,706,8.563449318899075e-05,0.06252202926997173,0.20510535913172953
optimizer_pre_update,707,0.00011986618665105198,0.06867228984779938,0.18204902270024836
optimizer_pre_update,708,0.00010382011714682449,0.1007358806667807,0.23519631444239908
optimizer_pre_update,709,5.43023161299061e-05,0.08485349097600846,0.21056355248684472
optimizer_pre_update,710,7.69731932450668e-05,0.0672119024215493,0.20126687390908424
optimizer_pre_update,711,0.0001435677277186187,0.09293864260359308,0.18936272407636942
optimizer_pre_update,712,6.996095453359885e-05,0.12045757026963301,0.2546411420230528
optimizer_pre_update,713,8.204207188100554e-05,0.11266953943694571,0.23001706133833355
optimizer_pre_update,714,6.854161892988486e-05,0.06638192593728647,0.44115483109042986
optimizer_pre_update,715,8.19675642560469e-05,0.053250597439558095,0.22916631864372014
optimizer_pre_update,716,6.802752704970771e-05,0.0797824591491378,0.23006512808861201
optimizer_pre_update,717,9.384006534673972e-05,0.07888995830237694,0.21047430361953867
optimizer_pre_update,718,6.897996081534075e-05,0.059089566056677034,0.1713650726526305
optimizer_pre_update,719,0.00017589331037015654,0.07707538186118747,0.21716993034052748
optimizer_pre_update,720,5.6059411235764856e-05,0.03602041890907449,0.22061072065843773
optimizer_pre_update,721,3.8776548080932116e-05,0.09053032264438936,0.2339264412952416
optimizer_pre_update,722,5.5880597756186035e-05,0.08525403908543404,0.15628111020470944
optimizer_pre_update,723,7.286047139132279e-05,0.06258502433641379,0.14916777388080785
optimizer_pre_update,724,0.00011243547305639368,0.06552099802191994,0.21572465844038227
optimizer_pre_update,725,0.00013411666259344202,0.09135385313453497,0.1713418206163384
optimizer_pre_update,726,6.983926232351223e-05,0.07251135654174248,0.15651291254324254
optimizer_pre_update,727,6.682674302282976e-05,0.06527392406988007,0.15623877628591723
optimizer_pre_update,728,6.961822691664565e-05,0.052259020254418094,0.17106182692713345
optimizer_pre_update,729,9.274234616896138e-05,0.0852833553589184,0.13896940819657946
optimizer_pre_update,730,8.497760063619353e-05,0.08995710602265711,0.12658973924420025
optimizer_pre_update,731,7.620578435307834e-05,0.07541943345769901,0.12883204044155253
optimizer_pre_update,732,0.00012495617647800827,0.09045994454375021,0.1820527057109897
optimizer_pre_update,733,5.212177939029061e-05,0.0719081281406676,0.18310449860095876
optimizer_pre_update,734,4.0821732000040356e-05,0.06237118503455039,0.16718427602557637
optimizer_pre_update,735,3.4728399441519286e-05,0.050354725817636184,0.1786074209749682
optimizer_pre_update,736,6.823986950621475e-05,0.04872368844207861,0.17878542144587706
optimizer_pre_update,737,4.329905050326488e-05,0.09470779855705194,0.2193662700259659
optimizer_pre_update,738,5.922342461417429e-05,0.05174977235669689,0.20402379253858932
optimizer_pre_update,739,9.367987786390586e-05,0.07756454734143466,0.2198465803174572
optimizer_pre_update,740,7.804980123182759e-05,0.06977741680416832,0.20921627084800531
optimizer_pre_update,741,0.0005220833081693854,0.05275636508579516,0.1831517195542147
optimizer_pre_update,742,7.230292067106348e-05,0.08192731564010496,0.18966381229113885
optimizer_pre_update,743,3.200893684152106e-05,0.08686876375279375,0.19492696322317543
optimizer_pre_update,744,0.00010864933574339375,0.0780887549013993,0.19546474964885796
optimizer_pre_update,745,9.977569425245747e-05,0.11811371817434065,0.20928753647047707
optimizer_pre_update,746,0.00017445410958316643,0.046976148750225724,0.19156112670111985
optimizer_pre_update,747,0.00010024135644925991,0.0663606677866456,0.1594782174694346
optimizer_pre_update,748,0.00012254839384695515,0.060909851922631736,0.19982875590759186
optimizer_pre_update,749,5.4949275181570556e-05,0.047712054264105616,0.19845961044360375
optimizer_pre_update,750,8.145844185492024e-05,0.06968819921382946,0.14317245767948042
optimizer_pre_update,751,0.00013094892619847087,0.060831779152458916,0.1831545952853727
optimizer_pre_update,752,0.0001661802361923037,0.055268573662451026,0.20249025299630813
optimizer_pre_update,753,0.00013526653583539883,0.0811211898377083,0.26844587450734614
optimizer_pre_update,754,0.00014466793072642758,0.06258786777591648,0.1878292078070652
optimizer_pre_update,755,0.00019372379210835788,0.051848698217565235,0.17839329450280947
optimizer_pre_update,756,0.00014953315803722944,0.045170000747361265,0.19610660895291468
optimizer_pre_update,757,0.00010496005597815383,0.06481128978220238,0.2898696835264048
optimizer_pre_update,758,6.22235261289461e-05,0.056634784766802324,0.2428649389987237
optimizer_pre_update,759,6.128847826403216e-05,0.06510979249455984,0.22028660210058235
optimizer_pre_update,760,6.784871402487624e-05,0.060533618773151325,0.16547403500193103
optimizer_pre_update,761,0.0001206199358421145,0.09704919333347486,0.23761518211649063
optimizer_pre_update,762,0.00013047829725110205,0.11357655695942127,0.21589630186817196
optimizer_pre_update,763,5.504985801962903e-05,0.06359274875776923,0.26609946530213874
optimizer_pre_update,764,5.471085569297429e-05,0.06531124025900742,0.22860971790858742
optimizer_pre_update,765,0.00013012811996304663,0.14197062593847654,0.1987471066969151
optimizer_pre_update,766,4.3656678826664574e-05,0.08931143383950166,0.20645979904889755
optimizer_pre_update,767,4.182755992587772e-05,0.07237613566956963,0.3165342105924171
optimizer_pre_update,768,6.584326683878317e-05,0.06264988547137439,0.3155349036227138
fixed_training16_latent0,0,0.0007183589041233063,0.061177059209415914,0.20830638237192406
fixed_training16_latent0,64,0.0004793405532836914,0.05902951884876317,0.20367778794839705
fixed_training16_latent0,128,0.00036061058441797894,0.060580195531158725,0.20606545489301645
fixed_training16_latent0,192,0.000290048619111379,0.06178272849655042,0.2087937333981954
fixed_training16_latent0,256,0.00017836627860864002,0.0635618377957104,0.2133353408052756
fixed_training16_latent0,320,0.00012581919630368552,0.06440590706976762,0.21414545512843272
fixed_training16_latent0,384,0.00011642649769783021,0.06525797296332653,0.21526943956157127
fixed_training16_latent0,448,8.767036100228628e-05,0.06688068182370192,0.2179258995060702
fixed_training16_latent0,512,7.594687243302664e-05,0.06929454921495228,0.22267926842519103
fixed_training16_latent0,576,7.955046991507213e-05,0.07115052295030419,0.224649160311071
fixed_training16_latent0,640,8.006331821282706e-05,0.0721691005791289,0.22604059840193455
fixed_training16_latent0,704,6.414266924063365e-05,0.07284634071793344,0.22741077131941975
fixed_training16_latent0,768,6.144866347312927e-05,0.07500650696829814,0.2302199301875663
