configuration,family,model,seed,steps,successes,episodes,heldout_relative_mse,logical_bytes_read
x1_plain_M2,X1,story_plain_bb_M2_ae_M2_fp32,7,10,967,1000,0.03942254808560134,1644469572
x1_plain_M3,X1,story_plain_bb_M3_ae_M2_fp32,7,10,972,1000,0.010938292660258468,2048853828
x2_fp_n1,X2,original_fp,7,1,474,500,0.009263133559734162,7082226468
x2_uniform_n1,X2,bb_M2_ae_M2_fp32,7,1,481,500,0.0324664957492826,922004274
x2_flowvq_n1,X2,bb_M2_flowvq_fp32,7,1,472,500,0.03176149099839512,922925874
x2_fp_n2,X2,original_fp,7,2,479,500,0.0032964084952032814,7705801896
x2_uniform_n2,X2,bb_M2_ae_M2_fp32,7,2,478,500,0.03347113964859826,1002278196
x2_flowvq_n2,X2,bb_M2_flowvq_fp32,7,2,478,500,0.0344375129445724,964676916
x2_fp_n5,X2,original_fp,7,5,478,500,0.00012443373587021176,9576528180
x2_uniform_n5,X2,bb_M2_ae_M2_fp32,7,5,480,500,0.03690281577999262,1243099962
x2_flowvq_n5,X2,bb_M2_flowvq_fp32,7,5,480,500,0.04105917683728072,1089930042
x4_iso_3e-4,X4,original_fp,7,10,482,500,0.00030108044350902314,17434050720
x4_iso_1e-3,X4,original_fp,7,10,478,500,0.001003601438155718,17434050720
x4_iso_3e-3,X4,original_fp,7,10,479,500,0.0030108043552620465,17434050720
x4_iso_1e-2,X4,original_fp,7,10,481,500,0.010036014518301667,17434050720
x4_iso_3e-2,X4,original_fp,7,10,474,500,0.030108043797857552,17434050720
x4_top5_1e-2,X4,original_fp,7,10,481,500,0.009736707317498698,17434050720
x4_orthogonal_1e-2,X4,original_fp,7,10,486,500,0.010085899094543962,17434050720
