condition,relative_weight_noise_norm,spatial_successes,spatial_episodes,long_successes,long_episodes,total_successes,total_episodes,success_percent,failure_percent,relative_mse,mmd2_paired_u,evaluation_seed,offline_noise_seed
clean,0.0,100,100,91,100,191,200,95.5,4.5,0.0,0.0,7,0
0,1.0,100,100,93,100,193,200,96.5,3.5,2.240944533773966e-06,8.224228652288492e-08,7,0
1,1.0,100,100,92,100,192,200,96.0,4.0,2.7638475095314386e-06,1.1023427661111663e-07,7,0
2,1.0,99,100,96,100,195,200,97.5,2.5,4.680621992802773e-06,1.611861393360182e-07,7,0
3,1.0,98,100,94,100,192,200,96.0,4.0,0.002070011116421023,-2.2138041000955154e-09,7,0
4,1.0,99,100,94,100,193,200,96.5,3.5,0.002104936597642145,1.15142886354043e-07,7,0
5,1.0,99,100,94,100,193,200,96.5,3.5,0.002109446887194249,5.592526054953935e-07,7,0
6,1.0,99,100,95,100,194,200,97.0,3.0,0.001978819186187159,1.999357310773585e-06,7,0
7,1.0,100,100,97,100,197,200,98.5,1.5,0.00011997403266274713,9.237597499931225e-06,7,0
8,1.0,99,100,95,100,194,200,97.0,3.0,0.0005808079383897368,5.16585603096986e-05,7,0
9,1.0,98,100,89,100,187,200,93.5,6.5,0.014214520278667467,0.002850953842467674,7,0
